UniqueID,DB Name,Ingame Name,Un,★,S5 - PP,S5 - EVO,S5 - NOS,S5 - FD,S5 - TIRES,S5 - DYNO,Engine,Turbo,Intake,NOS,Body,Tires,Trans,is EV?
T20001,AlfaRomeo_4CCoupeCrewRecycled_2013,Alfa Romeo 4C,T2,2,,,217/4.3,3.35,0/100,10.793,10.697,10.691,10.733,10.648,10.621,10.678,10.739,false
T20002,AlfaRomeo_4CCoupeCrew_2013,Summer's Alfa Romeo 4C ''Launch Edition'',T2,P3,,,254/3.9,2.38,0/100,10.570,10.462,10.468,10.514,10.416,10.420,10.497,10.636,false
T20003,AlfaRomeo_4CSpider_2016,Alfa Romeo 4C Spider,T2,1,,,209/4.4,3.21,54/46,10.774,10.608,10.650,10.664,10.599,10.616,10.741,10.725,false
T20004,Alpine_A110_2018,Alpine A110,T2,3,,,272/2.0,3.24,0/100,10.764,10.668,10.723,10.700,10.303,10.333,10.448,10.405,false
T20006,AstonMartin_DB5Classic_1964_EC,Aston Martin DB5,T2,3,,,263/2.7,3.63,0/100,9.796,9.610,9.554,9.723,9.501,9.601,9.726,9.730,false
T20007,Audi_TTRSPlusCoupe_2014,Audi TT RS,T2,1,,,257/2.9,4.83,20/80,11.130,10.992,11.062,11.033,10.849,11.004,11.096,10.994,false
T20009,BMW_M235iCoupe_2014_EC,BMW 2014 M235i Coupé,T2,3,,,185/4.6,5.00,7/93,8.957,8.911,8.939,8.931,9.166,8.908,9.053,9.125,false
T20030,MercedesBenz_300SLClassic_1954_EC,Mercedes-Benz 300 SL Coupé,T2,3,,,,,,9.622,9.415,9.489,9.479,9.463,9.519,9.567,9.459,false
T20035,Volkswagen_RocketBunnyGolfGTI_2014,Volkswagen Golf GTI Rocket Bunny,T2,3,,,248/3.4,4.42,0/100,10.520,10.335,10.426,10.395,10.272,10.378,10.487,10.162,false
T30004,Audi_RS3SedanRewardRecycled_2023,Audi RS 3 Sedan performance edition,T3,4,547,857,144/2.2,3.15,0/100,8.646,8.402,8.536,8.480,8.298,8.430,8.463,8.475,false
T30005,Audi_RS3SedanReward_2023,Audi RS 3 Sedan performance edition,T3,P4,547,903,145/2.2,3.13,0/100,8.533,8.340,8.424,8.395,8.189,8.322,8.344,8.356,false
T30010,BMW_ACSchnitzerM2Coupe_2016,BMW M2 by AC Schnitzer,T3,4,,,,,,9.337,9.221,9.270,9.274,9.066,9.138,9.149,9.090,false
T30011,BMW_ACSchnitzerZ4_2019,BMW ACS4,T3,4,,,126/3.0,2.66,14/86,9.282,9.084,9.117,9.192,8.905,8.916,9.152,9.049,false
T30012,BMW_M3E92CoupeGTSRewardRecycled_2011,BMW 2011 LB M3 GTS,T3,4,,,263/4.4,2.35,29/71,9.444,9.356,9.405,9.406,9.316,9.333,9.436,9.494,false
T30015,BMW_RBM3E92RewardRecycled_2011,BMW 2011 Rocket Bunny M3 GTS,T3,5,,, 150/2.0,4.44,0/100,8.823,8.640,8.720,8.619,8.477,8.621,8.619,8.688,false
T30016,BMW_RBM3E92Reward_2011,BMW 2011 Rocket Bunny M3 GTS,T3,P5,,, 150/2.0,4.42,0/100,8.740,8.549,8.632,8.634,8.389,8.533,8.896,8.438,false
T30019,BMW_M4Coupe_2014,BMW 2014 M4 Coupé,T3,2,,,309/2.9,4.99,0/100,9.679,9.602,9.614,9.574,9.343,9.525,9.656,9.430,false
T30022,BMW_M4CoupeRewardRecycled_2021,BMW 2021 M4 Competition,T3,4,,,232/4.4,2.19,18/82,8.997,8.801,8.790,8.817,8.676,8.700,8.887,8.833,false
T30024,BMW_M4CoupeMPerformance_2021,BMW 2021 M4 Coupé ''M Performance'',T3,P4,,,150/2.0,2.00,0/100,8.640,8.485,8.517,8.565,8.398,8.428,8.433,8.563,false
T30025,BMW_M2CoupeG87RewardRecycled_2023,BMW 2023 M2 Coupé,T3,4,,,218/3.3,2.00,0/100,8.657,8.543,8.604,8.618,8.667,8.431,8.435,8.433,false
T30026,BMW_M2CoupeG87Reward_2023,BMW 2023 M2 Coupé,T3,P4,,,263/3.2,2.00,0/100,8.605,8.487,8.549,8.562,8.602,8.380,8.373,8.389,false
T30027,BMW_M2G87MPerformance_2023,BMW 2023 M2 Coupé ''M Performance'',T3,P4,,,113/2.0,2.00,0/100,8.592,8.489,8.530,8.550,8.427,8.377,8.351,8.423,false
T30028,BMW_M3TouringRewardRecycled_2022,BMW 2022 M3 Touring Competition,T3,4,,,241/4.1,2.60,0/100,9.069,8.842,8.934,8.994,8.730,8.828,9.019,8.872,false
T30029,BMW_M3TouringReward_2022,BMW 2022 M3 Touring Competition,T3,P4,,,260/4.0,2.56,0/100,8.791,8.575,8.626,8.673,8.518,8.578,8.778,8.644,false
T30045,Ford_MustangGT_2024,Ford Mustang GT,T3,5,,,150/2.0,4.96,53/47,8.346,8.287,8.309,8.328,8.322,8.198,8.228,8.049,false
T30049,Ford_MustangMach1_2021,Ford Mustang Mach 1,T3,4,,,166/2.6,2.00,0/100,9.267,9.036,9.143,9.242,8.871,9.038,9.025,9.104,false
T30050,Honda_CivicTypeRVaris_2017,Honda 2017 Varis Civic Type R,T3,4,,,261/3.1,3.14,7/93,9.324,9.079,9.150,9.234,9.096,9.143,9.293,8.998,false
T30051,Honda_CivicTypeRVaris_2017_EC,Honda 2017 Varis Civic Type R,T3,4,,,246/3.1,3.43,0/100,8.541,8.449,8.479,8.549,8.324,8.415,8.520,8.252,false
T30052,Honda_CivicTypeRRewardRecycled_2023,Honda 2023 Civic Type R,T3,5,547,1040,150/2.0,2.07,0/100,8.190,8.149,8.142,8.150,8.098,8.025,7.985,8.078,false
T30053,Honda_CivicTypeRReward_2023,Honda 2023 Civic Type R,T3,P5,547,1063,150/2.0,2.06,0/100,8.131,8.090,8.082,8.093,8.037,7.964,7.937,8.014,false
T30054,Hyundai_ElantraNRewardRecycled_2022,Hyundai Elantra N,T3,3,,,150/2.0,2.00,52/48,9.081,9.002,8.980,8.986,8.785,8.878,8.996,9.000,false
T30055,Hyundai_ElantraNReward_2022,Hyundai Elantra N,T3,P3,,,150/2.0,2.00,52/48,9.006,8.927,8.904,8.910,8.708,8.802,8.921,8.954,false
T30056,Kia_StingerGTS_2020,Kia Stinger GT,T3,4,,,279/2.5,3.51,9/91,9.662,9.551,9.660,9.642,9.262,9.517,9.553,9.451,false
T30063,Nissan_ProtoZ_2020,Nissan Proto Z,T3,5,,,150/2.0,2.01,53/47,9.102,8.907,8.961,8.977,8.950,8.846,8.963,8.989,false
T30072,Porsche_VorsteinerGT4VCS_2016,Porsche Vorsteiner Cayman GT4 V-CS,T3,3,,,186/3.1,3.04,0/100,9.270,9.163,9.188,9.153,8.970,9.042,9.099,9.155,false
T30076,Subaru_BRZRocketBunnyVIP_2013,Subaru BRZ Rocket Bunny,T3,3,,,304/3.2,3.96,0/100,9.738,9.660,9.711,9.720,9.381,9.511,9.614,9.588,false
T40001,Acura_NSXF9_2018,Acura NSX,T4,P5,,,144/2.2,3.30,0/100,12.416,12.365,12.355,12.303,12.274,12.159,12.151,11.926,false
T40003,AlfaRomeo_8CSpiderRewardRecycled_2009,Alfa Romeo 8C Spider,T4,5,,,150/2.0,3.60,0/100,12.577,12.212,12.352,12.376,12.289,12.024,12.209,12.349,false
T40005,AlfaRomeo_GiuliaGTAmRewardRecycled_2021,Alfa Romeo Giulia GTAm,T4,5,,,150/2.0,2.40,53/47,13.116,12.827,12.880,12.900,12.891,12.434,12.745,12.900,false
T40009,AstonMartin_DBX707RewardRecycled_2023,Aston Martin DBX 707,T4,5,,,150/2.0,2.00,59/41,11.382,11.318,11.304,11.309,11.223,11.124,11.109,11.069,false
T40010,AstonMartin_DBX707Reward_2023,Aston Martin DBX 707,T4,P5,,,150/2.0,2.00,59/41,11.322,11.257,11.224,11.249,11.164,11.064,11.047,11.030,false
T40015,AstonMartin_VantageRoadsterRewardRecycled_2021,Aston Martin Vantage Roadster,T4,5,,,215/2.0,2.00,30/70,13.121,12.705,12.869,12.823,12.573,12.776,12.988,12.772,false
T40017,Audi_LBR8V10PlusCoupeRewardRecycled_2014,Audi 2014 LB R8 V10 plus Coupé,T4,5,,,154/2.8,4.45,27/73,12.783,12.486,12.616,12.644,12.287,12.381,12.630,12.383,false
T40021,Audi_ABTRS6RRewardRecycled_2020,Audi ABT RS6-R,T4,5,,,150/2.0,3.18,0/100,12.255,12.137,12.178,12.162,12.042,11.871,11.855,11.607,false
T40022,Audi_ABTRS6RReward_2020,Audi ABT RS6-R,T4,P5,,,150/2.0,3.18,0/100,12.145,12.027,12.069,12.053,11.939,11.790,11.762,11.508,false
T40023,Audi_RS7SportbackRewardRecycled_2020,Audi RS 7 Sportback,T4,5,,,150/2.0,3.19,0/100,11.716,11.607,11.685,11.655,11.535,11.388,11.338,11.661,false
T40024,Audi_RS7SportbackReward_2020,Audi RS 7 Sportback,T4,P5,,,150/2.0,3.07,0/100,11.559,11.506,11.532,11.502,11.382,11.221,11.204,11.503,false
T40025,Audi_RS6AvantRewardRecycled_2020,Audi RS6 Avant,T4,5,,,150/2.0,2.73,0/100,11.903,11.714,11.834,11.797,11.637,11.460,11.467,11.811,false
T40027,Audi_ABTRS7RRewardRecycled_2020,Audi ABT RS7-R,T4,5,,,150/2.0,3.18,0/100,12.255,12.137,12.178,12.162,12.042,11.871,11.855,11.607,false
T40028,Audi_ABTRS7RReward_2020,Audi ABT RS7-R ''Daniel Abt Edition'',T4,P5,,,150/2.0,3.18,0/100,12.145,12.027,12.069,12.053,11.939,11.790,11.762,11.508,false
T40031,Bentley_ContinentalGTV8SF8_2014,Bentley BR9,T4,P5,,,287/4.7,3.33,0/100,11.911,11.584,11.758,11.718,11.416,11.591,11.834,11.504,false
T40033,BMW_i8RewardHoliday_2017,BMW ACS8,T4,P5,,,278/2.8,3.56,4/96,13.695,13.373,13.471,13.547,12.922,13.357,13.631,13.332,false
T40035,BMW_M3SportEvoE30_1990,BMW 1990 M3 Sport Evolution,T4,P5,638,1772,150/2.0,2.01,0/100,11.338,11.246,11.263,11.229,11.218,11.024,11.082,10.960,false
T40036,BMW_i8RewardRecycled_2017,BMW 2014 i8,T4,5,,,176/3.9,3.26,16/84,13.491,13.247,13.264,13.391,12.959,13.063,13.346,13.154,false
T40038,BMW_M4GTS_2016,BMW 2016 M4 GTS,T4,5,,,161/3.1,4.77,24/76,13.395,13.218,13.218,13.242,12.981,13.113,13.283,13.028,false
T40043,BMW_LBi8Reward_2017,BMW 2017 LB i8,T4,P5,,,183/2.3,3.73,22/78,13.292,13.110,13.211,13.273,13.024,13.150,13.267,13.043,false
T40045,BMW_M5CompetitionReward_2019,BMW 2019 M5 Competition,T4,P5,,,160/2.6,3.19,14/86,12.585,12.440,12.461,12.501,12.210,12.135,12.412,12.099,false
T40046,BMW_M5CSRewardRecycled_2022,BMW 2021 M5 CS,T4,5,,,179/2.5,3.15,0/100,12.200,11.746,12.087,12.126,11.896,11.981,11.979,11.629,false
T40048,BMW_M4CSLRewardRecycled_2022,BMW 2023 M4 CSL,T4,5,,,150/2.0,3.17,100/0,12.020,11.853,11.902,11.918,11.835,11.716,11.683,11.526,false
T40049,BMW_M4CSLReward_2022,BMW 2023 M4 CSL,T4,P5,,,150/2.0,3.19,100/0,11.923,11.752,11.800,11.816,11.743,11.620,11.604,11.456,false
T40050,Cadillac_CT5VBlackwingRewardRecycled_2022,Cadillac CT5-V Blackwing,T4,5,,,150/2.0,3.55,53/47,12.099,11.961,12.029,12.025,11.906,11.760,11.789,11.636,false
T40052,Cadillac_CTSVRewardRecycled_2017,Cadillac CTS-V,T4,5,,,170/2.8,4.12,34/66,13.490,13.349,13.390,13.341,13.225,13.220,13.297,12.952,false
T40059,Chevrolet_CamaroZ28ASC_2015,Chevrolet ASC Camaro Z28,T4,5,,,195/2.0,3.91,46/54,14.166,14.081,14.091,14.076,14.101,13.898,13.842,13.807,false
T40060,Chevrolet_CamaroZ28_2015,Chevrolet Camaro Z28,T4,5,,,190/2.2,3.48,27/73,14.588,13.784,13.836,13.919,14.068,14.219,14.494,14.299,false
T40063,Chevrolet_CorvetteC7REditionRewardRecycled_2015,Chevrolet Corvette Stingray Z06,T4,4,,,195/2.0,3.49,1/99,15.414,15.098,15.305,15.289,15.006,14.996,15.141,15.065,false
T40064,Chevrolet_CorvetteC7REditionReward_2015,Chevrolet Corvette C7.R,T4,P4,,,200/2.2,3.48,1/99,15.390,15.074,15.275,15.254,14.985,14.949,15.121,15.042,false
T40065,Chevrolet_RBCorvetteC8StingrayRewardRecycled_2020,Chevrolet Rocket Bunny Corvette Stingray,T4,5,,,178/2.0,5.00,8/92,12.458,12.230,12.330,12.405,11.919,12.036,12.206,12.170,false
T40067,Chevrolet_CorvetteStingRayC2F8_1966,Chevrolet Sting Ray,T4,P5,,,233/2.5,3.27,43/57,13.681,13.436,13.549,13.581,13.335,13.199,13.344,13.472,false
T40071,Dodge_ViperACRRewardRecycled_2016,Dodge Viper ACR,T4,5,,,182/2.4,3.16,0/100,15.478,15.088,15.237,15.333,15.050,15.059,15.167,15.198,false
T40078,Ferrari_F40RewardRecycled_1987,Ferrari F40,T4,5,,,170/2.8,2.00,0/100,12.755,12.496,12.470,12.698,12.191,12.394,12.225,12.529,false
T40082,Ferrari_PurosangueRewardRecycled_2023,Ferrari Purosangue,T4,5,638,1645,150/2.0,3.13,0/100,11.604,11.462,11.500,11.538,11.300,11.323,11.415,11.209,false
T40083,Ferrari_PurosangueReward_2023,Ferrari Purosangue,T4,P5,638,1698,150/2.0,3.13,0/100,11.499,11.374,11.410,11.439,11.226,11.231,11.301,11.138,false
T40087,Ford_GT_2005,Ford 2005 GT,T4,5,,,149/2.1,3.60,52/48,12.311,12.165,12.263,12.200,12.211,11.715,11.777,12.200,false
T40090,Ford_RoushStage3Mustang_1996,Ford Jack Roush Edition Mustang,T4,P5,638,1270,150/2.0,2.95,0/100,12.334,12.192,12.229,12.226,12.087,11.835,11.883,12.009,false
T40091,Ford_MustangDarkHorse_2024,Ford Mustang Dark Horse,T4,P5,,,150/2.0,2.01,0/100,10.239,10.168,10.225,10.135,10.013,10.296,10.029,10.182,false
T40092,Ford_MustangGTHPE750Silver_2015,Ford Mustang HPE750,T4,4,,,142/3.5,3.73,30/70,12.964,12.676,12.735,12.776,12.400,12.558,12.759,12.654,false
T40094,Ford_MustangMachEGTRewardRecycled_2021,Ford Mustang Mach-E GT Performance Edition,T4,5,,,150/2.0,3.95,0/100,12.480,12.069,12.264,12.261,12.127,12.156,12.147,12.174,true
T40095,Ford_MustangMachEGTReward_2021,Ford Mustang Mach-E GT Performance Edition,T4,P5,,,150/2.0,3.59,0/100,12.083,11.750,11.937,11.942,11.836,11.834,11.826,11.782,true
T40096,Ford_ShelbyGT350R_2016,Ford Mustang Shelby GT350R,T4,5,,,178/2.6,3.73,8/92,13.898,13.690,13.705,13.749,13.486,13.614,13.784,13.683,false
T40098,Honda_AIMGAINGTNSXRewardRecycled_2017,Honda AIMGAIN GT NSX,T4,5,,,150/2.0,3.10,0/100,12.928,12.573,12.671,12.728,12.631,12.524,12.502,12.442,false
T40100,Honda_AIMGAINGTNSXEvo_2017,Honda AIMGAIN GT NSX,T4,P5,,,157/2.3,3.43,0/100,12.340,12.251,12.257,12.210,12.192,12.013,12.002,11.558,false
T40101,Honda_LBNSXRewardRecycled_2017,Honda LB NSX,T4,5,,,178/2.0,2.92,0/100,12.949,12.622,12.707,12.663,12.787,12.577,12.486,12.609,false
T40104,Honda_NSXLBWorksRewardRecycled_1992,Honda LB Works NSX-R,T4,5,,,121/3.6,3.56,0/100,12.837,12.546,12.562,12.643,12.624,12.293,12.404,12.118,false
T40105,Honda_NSXLBWorksReward_1992,Honda LB Works NSX-R,T4,P5,,,121/3.6,3.56,0/100,12.615,12.334,12.352,12.429,12.420,12.079,12.191,12.067,false
T40106,Honda_NSXRewardRecycled_2017,Honda NSX,T4,4,,,382/3.2,3.69,0/100,12.512,12.428,12.450,12.464,12.283,12.326,12.364,11.862,false
T40110,Honda_NSXRClassic_1992_EC,Honda NSX-R,T4,5,,,150/2.3,2.26,0/100,11.205,11.069,11.055,11.120,10.875,10.716,10.798,11.098,false
T40118,Jaguar_XESVProject8F9_2018,Jaguar XE SV Project 8,T4,P5,,,188/2.6,3.25,0/100,13.039,12.429,12.783,12.818,12.710,12.898,12.902,12.562,false
T40119,Jaguar_XESVProject8RewardRecycled_2018,Jaguar XE SV Project 8,T4,5,,,170/2.8,3.25,10/90,13.092,12.534,12.847,12.881,12.785,12.930,12.952,12.622,false
T40121,Jeep_GladiatorRewardRecycled_2019,Jeep Gladiator 'Rubicon',T4,5,,,130/2.8,4.10,0/100,11.787,11.655,11.676,11.700,11.523,11.483,11.594,11.332,false
T40122,Jeep_GladiatorReward_2019,Jeep Gladiator 'Rubicon',T4,P5,,,130/2.8,4.00,0/100,11.513,11.411,11.426,11.447,11.295,11.257,11.354,11.075,false
T40123,Jeep_GladiatorF9_2019,Jeep Gladiator,T4,P5,,,130/2.8,4.00,0/100,11.513,11.411,11.426,11.447,11.295,11.257,11.354,11.075,false
T40124,Jeep_GrandCherokeeTrackhawk_2018,Jeep Grand Cherokee Trackhawk,T4,4,,,174/2.1,3.70,20/80,13.807,13.582,13.589,13.755,13.439,13.574,13.700,13.407,false
T40126,Jeep_GrandCherokeeTrackhawkF9_2018,Jeep Grand Cherokee Trackhawk,T4,P4,,,131/2.8,3.88,0/100,13.212,12.943,12.967,13.106,12.900,12.985,13.047,12.761,false
T40131,Lamborghini_UrusPerformanteRewardRecycled_2023,Lamborghini Urus Performante,T4,5,638,1503,130/2.8,3.21,0/100,11.892,11.646,11.687,11.774,11.573,11.563,11.671,11.457,false
T40132,Lamborghini_UrusPerformanteReward_2023,Lamborghini Urus Performante,T4,P5,638,1636,130/2.8,3.07,0/100,11.626,11.401,11.439,11.528,11.332,11.322,11.425,11.188,false
T40133,Lamborghini_UrusPHEVRewardRecycled_2024,Lamborghini Urus SE,T4,4,638,1240,179/2.3,3.55,0/100,12.400,11.950,12.169,12.272,12.049,12.142,11.824,12.103,false
T40134,Lamborghini_UrusPHEVReward_2024,Lamborghini Urus SE,T4,P4,638,1302,185/2.4,3.51,0/100,12.275,11.979,12.039,12.150,11.926,12.013,11.681,11.978,false
T40135,Lexus_LC500TNR_2018,Lexus LC 500,T4,0,,,150/2.0,2.10,0/100,12.874,12.684,12.671,12.760,12.655,12.535,12.561,12.558,false
T40136,Lexus_LC500TNR_2018_EC,Lexus LC 500,T4,P5,,,150/2.0,2.00,0/100,11.074,11.039,10.955,11.042,10.948,10.852,10.811,10.612,false
T40142,Maserati_GranTurismoMCRewardRecycled_2018,Maserati GranTurismo MC,T4,4,,,134/2.6,3.58,4/96,13.690,13.582,13.448,13.523,13.322,13.392,13.594,13.487,false
T40144,Maserati_LBGranTurismoS_2018,Maserati LB GranTurismo MC,T4,5,,,164/2.6,3.87,0/100,12.997,12.936,12.947,12.949,12.741,12.723,12.816,12.841,false
T40145,Mazda_KRCJapanRX8RewardRecycled_2004,Mazda KRC Modified ''SE3P Wide Body'' RX-8,T4,5,,,150/2.0,3.57,53/47,12.671,12.397,12.492,12.567,12.444,12.181,12.298,12.210,false
T40146,Mazda_KRCJapanRX8Reward_2004,Mazda KRC Modified ''SE3P Wide Body'' RX-8,T4,P5,,,150/2.0,3.53,53/47,12.578,12.298,12.394,12.473,12.347,12.076,12.193,12.184,false
T40147,Mazda_RBRX8_2004,Mazda Rocket Bunny RX-8,T4,P5,,,150/2.0,3.55,53/47,12.578,12.302,12.398,12.472,12.349,12.081,12.198,12.184,false
T40149,Mazda_RX7RewardRecycled_1993_EC,Mazda RX-7 Rocket Bunny,T4,5,,,289/2.4,2.00,0/100,12.657,11.571,12.419,12.416,12.226,12.333,12.481,12.476,false
T40152,Mazda_RX7F1_1993,Mazda Veilside RX-7,T4,P5,,,178/2.0,2.39,53/47,12.816,12.628,12.623,12.631,12.409,12.225,12.447,12.555,false
T40154,MercedesAMG_G63SUVRewardRecycled_2020,Mercedes-AMG G 63,T4,5,639,1257,147/2.1,2.06,0/100,12.438,12.141,12.151,12.162,12.117,11.919,12.148,12.173,false
T40155,MercedesAMG_G63SUVReward_2020,Mercedes-AMG G 63,T4,P5,639,1337,147/2.1,2.06,0/100,12.187,11.995,12.002,12.000,11.899,11.792,11.921,11.963,false
T40159,MercedesBenz_LBC63AMGCoupeBlackSeries_2014,Mercedes-Benz LB C 63 AMG Black Series,T4,5,,,139/3.5,2.05,15/85,13.980,13.656,13.856,13.813,13.514,13.735,13.780,13.745,false
T40160,MercedesBenz_SLSAMGBlackSeries_2013,Mercedes-Benz SLS AMG Black Series,T4,4,,,152/3.4,5.00,52/48,13.596,13.481,13.526,13.526,13.182,13.427,13.432,13.144,false
T40163,Mitsubishi_EclipseF1_1995,Mitsubishi Eclipse,T4,P5,,,176/2.9,2.86,45/55,13.218,12.941,13.073,13.018,12.907,12.873,12.942,12.851,false
T40166,Mitsubishi_VoltexEvoIXRewardRecycled_2005,Mitsubishi Voltex Lancer Evolution IX,T4,5,638,1285,150/2.8,3.33,0/100,12.323,12.072,11.915,11.818,11.363,12.042,12.227,12.248,false
T40167,Mitsubishi_VoltexEvoIXReward_2005,Mitsubishi Voltex Lancer Evolution IX,T4,P5,638,1440,146/2.8,3.33,0/100,12.012,11.792,11.607,11.622,11.227,11.721,11.919,11.930,false
T40168,Nissan_GTRPremium_2015,Nissan 2015 GT-R (R35) Premium,T4,3,,,182/2.0,3.98,1/99,13.629,13.530,13.590,13.586,13.266,13.453,13.525,13.247,false
T40173,Nissan_GTRNismoNRewardRecycled_2017,Nissan GT-R NISMO (R35) N Attack Pkg,T4,5,,,168/2.4,2.94,33/67,12.871,12.568,12.682,12.681,12.445,12.485,12.629,12.495,false
T40174,Nissan_GTRNismoNReward_2017,Nissan GT-R NISMO (R35) N Attack Pkg,T4,P5,,,183/2.3,2.94,33/67,12.804,12.504,12.651,12.616,12.370,12.416,12.568,12.432,false
T40175,Nissan_JukeR20ConceptRewardRecycled_2015,Nissan Juke-R 2.0,T4,5,,,161/2.8,3.71,0/100,11.884,11.515,11.815,11.800,11.628,11.610,11.748,11.862,false
T40177,Nissan_GTRRewardRecycled_2015,Nissan LB GT-R (R35) Premium,T4,4,,,185/2.4,2.54,29/71,13.786,13.639,13.694,13.697,13.363,13.480,13.767,13.502,false
T40179,Nissan_PandeMGTRR33RewardRecycled_1995,Nissan Pandem Skyline GT-R (BCNR33),T4,5,,,139/2.7,2.01,0/100,12.004,11.690,11.738,11.788,11.501,11.631,11.685,11.741,false
T40180,Nissan_PandeMGTRR33Reward_1995,Nissan Pandem Skyline GT-R (BCNR33),T4,P5,,,139/2.7,2.01,0/100,11.839,11.561,11.593,11.641,11.357,11.491,11.534,11.673,false
T40182,Nissan_350ZRocketBunnyV2Easter_2003,Nissan Rocket Bunny V2 Fairlady Z (Z33),T4,P5,,,150/2.0,3.07,0/100,12.071,11.602,11.900,11.903,11.639,11.682,11.722,12.018,false
T40184,Nissan_SilviaS15RocketBunny_1999,Nissan Silvia (S15) Rocket Bunny,T4,5,,,178/2.6,2.56,22/78,13.077,12.716,12.753,12.821,12.625,12.795,12.948,12.882,false
T40185,Nissan_SilviaS15RocketBunny_1999_EC,Nissan Silvia (S15) Rocket Bunny,T4,5,,,178/2.6,2.45,27/73,12.430,12.087,12.130,12.198,12.016,12.143,12.318,12.233,false
T40186,Nissan_SkylineR33NismoSTune_1995,Nissan Skyline GT-R (BCNR33 NISMO S-tune ver.),T4,5,,,138/3.3,4.27,0/100,12.485,12.245,12.351,12.170,12.102,12.026,12.274,12.119,false
T40187,Nissan_SkylineGTRR33F1_1995,Nissan Skyline GT-R (R33),T4,P5,,,158/2.0,2.00,0/100,11.902,11.604,11.645,11.697,11.419,11.524,11.576,11.715,false
T40188,Nissan_StillenMaximaF1_1999,Nissan STILLEN Maxima (A32),T4,P5,,,150/2.0,2.18,53/47,11.758,11.574,11.640,11.617,11.677,11.366,11.415,11.506,false
T40191,Nissan_ZNISMORewardRecycled_2024,Nissan Z NISMO (RZ34),T4,5,638,1460,150/2.0,2.00,0/100,11.961,11.748,11.804,11.757,11.680,11.644,11.691,11.510,false
T40192,Nissan_ZNISMOReward_2024,Nissan Z NISMO (RZ34),T4,P5,638,1509,150/2.0,2.00,0/100,11.864,11.663,11.716,11.696,11.616,11.549,11.593,11.414,false
T40196,Porsche_911Carrera4SCabrioletRewardRecycled_2020,Porsche 911 Carrera 4S Cabriolet,T4,5,,, 178/2.0,2.00,45/55,12.661,12.512,12.451,12.372,12.529,12.229,12.325,12.440,false
T40200,Porsche_959_1988,Porsche 959 SC,T4,5,,,104/3.9,3.62,0/100,12.868,12.572,12.654,12.759,12.631,12.500,12.608,12.439,false
T40201,Porsche_CayenneTurboGTRewardRecycled_2022,Porsche Cayenne Turbo GT,T4,5,,,135/2.6,2.13,0/100,12.053,11.763,11.785,11.834,11.628,11.840,11.858,11.839,false
T40202,Porsche_CayenneTurboGTReward_2022,Porsche Cayenne Turbo GT,T4,P5,,,138/2.5,2.12,0/100,11.992,11.706,11.761,11.776,11.564,11.781,11.793,11.771,false
T40205,Porsche_911RWBRewardRecycled_1972,Porsche RWB 911 (F-Series) NARRO STYLE,T4,5,,,194/2.1,3.04,4/96,12.504,12.042,12.221,12.433,12.074,12.121,12.405,12.164,false
T40206,Porsche_911RWBReward_1972,Porsche RWB 911 (F-Series) NARRO STYLE,T4,P5,,,196/2.3,3.91,4/96,12.386,12.002,12.137,12.290,12.290,12.031,12.302,11.944,false
T40207,RAM_1500TRX_2021,RAM 1500 TRX,T4,4,,,257/4.4,2.54,0/100,12.128,11.893,11.944,12.004,11.646,11.857,11.848,11.712,false
T40209,Subaru_ImprezaWRXF4_2009,Subaru Veilside IMPREZA WRX STI,T4,P5,,,150/2.0,2.49,0/100,11.446,11.348,11.427,11.418,11.189,11.036,11.154,11.332,false
T40211,Subaru_WRXSTITNR_2018_EC,Subaru WRX STI,T4,P5,,,150/2.0,3.36,0/100,12.234,12.021,11.850,12.088,12.084,11.791,11.938,11.832,false
T40212,TVR_GriffithRewardRecycled_2019,TVR Griffith,T4,5,,,130/2.8,3.97,0/100,11.595,11.447,11.523,11.480,11.405,11.090,11.326,11.288,false
T40214,TVR_SagarisRewardRecycled_2006,TVR Sagaris,T4,5,,,178/2.0,3.16,0/100,12.244,11.963,12.026,12.031,11.889,11.659,11.864,12.169,false
T40217,Volkswagen_JettaF1_1995,Volkswagen Jetta,T4,P5,,,164/2.0,2.18,0/100,11.468,11.436,11.462,11.450,11.339,11.042,11.171,11.415,false
T50001,Acura_NSXTypeSRewardRecycled_2022,Acura 2022 NSX Type S,T5,5,,,150/2.0,3.05,0/100,10.169,9.836,9.957,10.047,9.861,9.772,9.947,9.776,false
T50002,Acura_NSXTypeSReward_2022,Acura 2022 NSX Type S,T5,P5,,,150/2.0,3.03,0/100,10.084,9.748,9.871,9.963,9.776,9.685,9.864,9.753,false
T50003,AMC_RingbrothersJavelinDefiant_1972,AMC Javelin AMX 'Defiant!',T5,P5,,,244/2.4,2.39,6/94,9.110,8.818,8.998,8.972,8.677,8.585,8.955,8.806,false
T50004,Apollo_IntensaEmozioneCarbon_2019,Apollo Intensa Emozione,T5,P5,,,234/2.4,2.41,0/100,8.573,8.386,8.484,8.543,8.331,8.112,8.264,8.334,false
T50005,Apollo_IntensaEmozione_2019,Apollo Intensa Emozione,T5,P5,,,218/3.0,2.99,5/95,9.485,9.259,9.277,9.333,9.125,9.003,9.323,9.144,false
T50006,Apollo_IntensaEmozioneOrangeDragon_2019,Apollo Intensa Emozione 'Orange Dragon',T5,P5,698,1731,261/2.0,3.57,8/92,9.410,9.163,9.177,9.246,8.996,8.943,9.249,9.024,false
T50007,Arrinera_HussaryaRewardRecycled_2020,Arrinera Hussarya,T5,5,,,150/2.0,2.00,53/47,10.139,9.848,9.992,9.929,9.839,9.617,9.808,9.748,false
T50011,AstonMartin_DB12_2023,Aston Martin DB12,T5,P5,698,2282,150/2.0,2.00,0/100,8.320,8.202,8.279,8.284,8.136,8.041,8.125,7.823,false
T50012,AstonMartin_DB12VolanteRewardRecycled_2024,Aston Martin DB12 Volante,T5,5,698,2095,150/2.0,2.14,0/100,8.693,8.568,8.654,8.649,8.544,8.451,8.526,8.202,false
T50013,AstonMartin_DB12VolanteReward_2024,Aston Martin DB12 Volante,T5,P5,698,2130,150/2.0,2.15,0/100,8.625,8.514,8.587,8.562,8.479,8.382,8.454,8.133,false
T50014,AstonMartin_DBS770UltimateRewardRecycled_2023,Aston Martin DBS 770 Ultimate,T5,5,698,1871,150/2.0,2.00,0/100,9.123,8.923,9.023,9.031,8.924,8.816,8.893,8.800,false
T50015,AstonMartin_DBS770UltimateReward_2023,Aston Martin DBS 770 Ultimate,T5,P5,698,1893,150/2.0,2.00,0/100,9.079,8.872,8.979,8.998,8.879,8.770,8.847,8.754,false
T50016,AstonMartin_DBSGTZagato_2020,Aston Martin DBS GT Zagato,T5,P5,,,150/2.0,2.15,0/100,8.819,8.660,8.730,8.752,8.647,8.539,8.635,8.372,false
T50017,AstonMartin_DBSSuperleggeraRewardRecycled_2019,Aston Martin DBS Superleggera,T5,4,,,351/2.0,2.75,23/77,9.895,9.681,9.790,9.794,9.323,9.428,9.774,9.548,false
T50019,AstonMartin_DBSVolanteRewardRecycled_2020,Aston Martin DBS Superleggera Volante,T5,5,,,265/2.7,3.02,16/84,9.659,9.469,9.565,9.567,9.150,9.215,9.455,9.283,false
T50020,AstonMartin_DBSVolanteReward_2020,Aston Martin DBS Superleggera Volante,T5,P5,,,329/2.8,2.92,16/84,9.583,9.398,9.488,9.490,9.030,9.123,9.354,9.308,false
T50021,AstonMartin_One77RewardRecycled_2010,Aston Martin One-77,T5,5,,,497/5.1,3.20,0/100,9.547,9.340,9.388,9.422,9.276,9.267,9.426,9.495,false
T50023,AstonMartin_V12Speedster_2021,Aston Martin V12 Speedster,T5,5,,,143/2.5,2.40,0/100,9.293,9.100,9.139,9.224,9.146,8.842,9.043,8.684,false
T50024,AstonMartin_V12SpeedsterDBR1_2021,Aston Martin V12 Speedster 'DBR1',T5,P5,,,150/2.0,2.39,0/100,9.112,8.903,8.975,9.049,8.952,8.622,8.868,8.753,false
T50025,AstonMartin_V12Vantage_2023,Aston Martin V12 Vantage,T5,P5,,,150/2.0,2.40,0/100,8.751,8.592,8.674,8.679,8.581,8.592,8.546,8.446,false
T50026,AstonMartin_ValhallaGold_2020,Aston Martin Valhalla Concept,T5,5,,,150/2.0,2.04,0/100,8.442,8.266,8.434,8.391,8.366,7.923,8.171,8.098,false
T50027,AstonMartin_Valhalla_2020,Aston Martin Valhalla Concept,T5,P5,,,191/2.0,2.00,0/100,7.709,7.579,7.686,7.658,7.592,7.442,7.559,7.654,false
T50028,AstonMartin_Valkyrie_2020,Aston Martin Valkyrie,T5,5,,,50/6.0,3.69,0/100,9.150,8.838,9.017,9.020,8.871,8.705,8.829,8.995,false
T50029,AstonMartin_ValkyrieAMRPro_2022,Aston Martin Valkyrie AMR Pro,T5,P5,698,2042,150/2.0,3.62,0/100,8.798,8.597,8.700,8.695,8.539,8.458,8.556,8.242,false
T50030,AstonMartin_ValkyrieAMRProConcept_2020,Aston Martin Valkyrie AMR Pro Concept,T5,P5,,,50/6.0,2.00,0/100,9.361,9.076,9.237,9.217,9.075,8.870,9.003,8.932,false
T50031,AstonMartin_ValkyrieSpider_2022,Aston Martin Valkyrie Spider,T5,P5,698,1727,50/6.0,2.00,0/100,9.427,9.143,9.303,9.284,9.142,8.948,9.066,9.020,false
T50032,AstonMartin_ValkyrieSpirit_2020,Aston Martin Valkyrie 'Spirit - Designer Spec',T5,P5,698,1727,50/6.0,2.00,0/100,9.427,9.143,9.303,9.284,9.142,8.948,9.066,9.020,false
T50033,AstonMartin_ValkyrieTrackPack_2020,Aston Martin Valkyrie 'Track Pack',T5,P5,,,50/6.0,2.00,0/100,9.358,9.027,9.227,9.221,9.075,8.890,9.034,8.931,false
T50034,AstonMartin_ValkyrieTrackPackAMR_2020,Aston Martin Valkyrie 'Track Pack',T5,P5,,,50/6.0,2.00,0/100,9.358,9.027,9.227,9.221,9.075,8.890,9.034,8.931,false
T50035,AstonMartin_Valour_2024,Aston Martin Valour,T5,P5,698,2419,150/2.0,2.00,0/100,8.040,7.915,8.005,7.967,7.856,7.754,7.838,7.720,false
T50036,AstonMartin_VanquishZagatoRewardRecycled_2017,Aston Martin Vanquish Zagato Coupé,T5,5,,,236/4.6,2.00,0/100,9.903,9.664,9.738,9.816,9.574,9.542,9.723,9.586,false
T50037,AstonMartin_VantageGTE_2020,Aston Martin Vantage GTE,T5,P5,698,2312,150/2.5,2.64,0/100,8.251,8.147,8.229,8.192,8.166,7.960,7.981,7.831,false
T50039,AstonMartin_VanquishZagatoSB_2017,Aston Martin Vanquish Zagato Shooting Brake,T5,P5,,,150/2.0,2.00,0/100,8.962,8.876,8.904,8.949,8.869,8.652,8.709,8.473,false
T50040,AstonMartin_Victor_2020,Aston Martin Victor,T5,P5,,,150/2.0,2.00,53/47,9.090,8.703,8.840,8.974,8.876,8.665,8.848,8.789,false
T50041,AstonMartin_VulcanRewardRecycled_2016,Aston Martin Vulcan,T5,5,,,545/6.2,2.00,52/48,9.178,9.047,9.060,9.049,8.827,8.774,8.924,8.903,false
T50044,ATSAutomobili_GTRewardRecycled_2018,ATS Automobili GT,T5,5,,,295/4.4,3.10,0/100,9.192,8.943,9.079,9.123,8.842,8.802,9.029,9.150,false
T50045,ATSAutomobili_GTReward_2018,ATS Automobili GT,T5,P5,,,329/4.3,3.10,0/100,8.995,8.765,8.883,8.923,8.658,8.608,8.833,9.021,false
T50046,ATSAutomobili_RRTurbo_2020,ATS Automobili RR Turbo,T5,P5,,,150/2.0,2.00,0/100,9.868,9.558,9.627,9.747,9.497,9.058,9.367,9.405,false
T50047,Audi_R8V10PlusCoupe_2016,Audi 2016 R8 V10 plus Coupé,T5,4,,,290/4.6,3.90,1/99,9.887,9.689,9.841,9.766,9.432,9.504,9.597,9.455,false
T50048,Audi_NEWINGR8RSRRewardRecycled_2016,Audi NEWING Alpil R8 RSR,T5,5,,,232/4.0,3.46,53/47,10.204,9.881,10.039,10.019,9.915,9.944,9.761,10.001,false
T50049,Audi_NEWINGR8RSRReward_2016,Audi NEWING Alpil R8 RSR,T5,P5,,,237/4.7,3.40,53/47,10.102,9.829,9.942,9.918,9.825,9.715,9.638,9.908,false
T50050,Audi_R18_2014,Audi R18 e-tron quattro,T5,P5,,,150/2.0,2.00,0/100,8.189,8.048,8.133,8.119,8.070,7.895,7.987,7.664,false
T50051,Audi_R8V10GTRewardRecycled_2023,Audi R8 Coupe V10 GT RWD,T5,5,698,1306,145/2.2,3.65,0/100,10.268,9.997,10.029,9.961,9.881,9.771,10.019,9.863,false
T50052,Audi_R8V10GTReward_2023,Audi R8 Coupe V10 GT RWD,T5,P5,698,1337,145/2.2,3.65,0/100,10.206,9.923,9.967,9.899,9.816,9.705,9.986,9.797,false
T50053,Audi_R8V10GreenHell_2020,Audi R8 green hell,T5,P5,,,296/5.1,3.90,0/100,9.729,9.599,9.656,9.638,9.632,9.279,9.468,9.665,false
T50054,Audi_R8LMSGT3_2019,Audi R8 LMS,T5,P5,,,150/2.0,2.27,53/47,9.617,9.227,9.357,9.375,9.169,9.111,9.262,9.355,false
T50057,Audi_R8V10Decennium_2019,Audi R8 V10 Decennium,T5,P5,,,296/5.1,3.90,0/100,9.729,9.599,9.656,9.638,9.632,9.279,9.468,9.665,false
T50058,Audi_RSetronGTRewardRecycled_2022,Audi RS e-tron GT,T5,5,,,150/2.9,2.00,0/100,9.660,9.335,9.438,9.494,9.397,9.307,9.379,9.326,true
T50059,Audi_RSetronGTReward_2022,Audi RS e-tron GT,T5,P5,,,150/2.9,2.00,0/100,9.560,9.232,9.344,9.393,9.300,9.205,9.275,9.293,true
T50060,Audi_S1ETronQuattroHoonitron_2022,Audi S1 ''Hoonitron'',T5,P5,,,150/2.9,2.37,52/48,7.531,7.495,7.507,7.488,7.415,7.407,7.366,7.355,true
T50065,Bentley_MullinerBaturRewardRecycled_2023,Bentley Batur by Mulliner,T5,5,698,1890,139/2.3,3.27,0/100,9.087,8.934,8.998,8.967,8.814,8.844,8.946,8.576,false
T50066,Bentley_MullinerBaturReward_2023,Bentley Batur by Mulliner,T5,P5,698,1922,139/2.3,3.25,0/100,9.026,8.868,8.937,8.920,8.756,8.788,8.882,8.513,false
T50072,Bentley_ContinentalGTSpeedRewardRecycled_2021,Bentley Continental GT Speed,T5,5,,,147/2.0,2.00,0/100,9.321,9.182,9.260,9.214,8.996,9.052,9.192,8.921,false
T50073,Bentley_ContinentalGTSpeedReward_2021,Bentley Continental GT Speed,T5,P5,,,147/2.0,2.00,0/100,9.276,9.154,9.220,9.178,8.770,8.978,9.118,8.853,false
T50074,Bentley_ContinentalGTCSpeedRewardRecycled_2022,Bentley Continental GT Speed Convertible,T5,5,,,138/2.4,2.00,0/100,9.278,9.102,9.226,9.181,9.038,9.078,9.161,8.921,false
T50075,Bentley_ContinentalGTCSpeedReward_2022,Bentley Continental GT Speed Convertible,T5,P5,,,139/2.3,2.00,0/100,9.201,9.026,9.151,9.106,8.966,9.002,9.082,8.868,false
T50077,Bentley_ContinentalGT3PikesPeak_2021,Bentley Continental GT3 Pikes Peak Race Car,T5,P5,,,150/2.0,2.00,0/100,7.945,7.851,7.880,7.916,7.810,7.747,7.831,7.504,false
T50080,Bentley_MullinerBacalarRewardRecycled_2021,Bentley Bacalar by Mulliner,T5,5,,,154/4.9,2.24,0/100,9.225,9.059,9.143,9.128,8.947,8.974,9.095,8.911,false
T50082,BMW_M8ConvertibleRewardRecycled_2021,BMW 2019 M8 Competition Convertible,T5,5,,,278/4.9,3.39,0/100,10.012,9.851,9.935,9.946,9.769,9.718,9.814,9.266,false
T50083,BMW_M8ConvertibleReward_2021,BMW 2019 M8 Competition Convertible,T5,P5,,,309/4.8,3.34,0/100,9.835,9.697,9.759,9.772,9.611,9.538,9.644,9.172,false
T50084,BMW_M8RewardRecycled_2020,BMW 2019 M8 Coupé,T5,5,,,288/4.6,2.58,0/100,10.347,10.118,10.225,10.248,9.977,9.955,10.099,9.709,false
T50087,BMW_M8ConvertiblePride_2021,BMW 2020 M8 Competition Pride Convertible,T5,P5,,,366/3.3,3.39,0/100,9.907,9.775,9.836,9.851,9.655,9.630,9.729,9.210,false
T50088,BMW_M4GT3_2022,BMW 2022 M4 GT3,T5,P5,,,150/2.0,2.00,53/47,9.147,8.884,9.021,9.091,8.934,8.599,8.822,8.698,false
T50089,BMW_M5SedanRewardRecycled_2024,BMW 2024 M5 Sedan,T5,5,698,1807,145/2.2,2.00,0/100,9.259,9.100,9.184,9.198,9.106,8.950,8.992,8.904,false
T50090,BMW_M5SedanReward_2024,BMW 2024 M5 Sedan,T5,P5,698,1831,145/2.2,2.00,0/100,9.210,9.044,9.134,9.158,9.057,8.898,8.941,8.853,false
T50091,Brabham_BT62_2019,Brabham BT62,T5,P5,,,150/2.0,2.78,23/77,9.524,9.399,9.405,9.397,9.246,9.095,9.316,9.027,false
T50092,Brabham_BT62Evo_2019,Brabham BT62 ''Goodyear Edition'',T5,P5,,,150/2.0,2.78,23/77,9.524,9.399,9.405,9.397,9.246,9.095,9.316,9.027,false
T50093,Brabham_BT62RRewardRecycled_2020,Brabham BT62R,T5,5,,,150/2.0,3.04,0/100,9.871,9.460,9.582,9.640,9.566,9.317,9.353,9.383,false
T50095,Bugatti_AtlanticConceptRewardRecycled_2015,Bugatti Atlantic Concept,T5,5,700,1877,136/2.6,2.26,3/97,9.054,8.767,8.869,8.966,8.848,8.623,8.846,8.598,false
T50096,Bugatti_AtlanticConceptReward_2015,Bugatti Atlantic Concept,T5,P5,700,1908,136/2.6,2.26,2/98,8.893,8.698,8.806,8.907,8.789,8.545,8.780,8.543,false
T50097,Bugatti_AtlanticConcept_2015,Bugatti Atlantic Concept,T5,P5,700,1908,136/2.6,2.26,2/98,8.993,8.698,8.806,8.907,8.789,8.545,8.780,8.543,false
T50098,Bugatti_X16_2024,Bugatti Bolide,T5,P5,,,203/2.8,2.00,0/100,8.453,8.211,8.353,8.380,8.271,7.905,8.161,8.106,false
T50099,Bugatti_X16Gold_2024,Bugatti Bolide,T5,P5,,,203/2.8,2.00,0/100,8.453,8.211,8.353,8.380,8.271,7.905,8.161,8.106,false
T50106,Bugatti_ChironRMS_2020,Bugatti Chiron Pur Sport,T5,5,,,325/3.0,2.16,20/80,9.073,8.873,8.863,9.009,8.839,8.671,8.878,8.542,false
T50107,Bugatti_ChironRLB_2020,Bugatti Chiron Pur Sport,T5,P5,,,377/3.1,2.53,0/100,9.007,8.785,8.847,8.938,8.799,8.674,8.839,8.449,false
T50108,Bugatti_ChironPurSportEditionGP_2022,Bugatti Chiron Pur Sport Edition GP,T5,P5,,,377/3.1,2.53,0/100,9.007,8.785,8.847,8.938,8.799,8.674,8.839,8.449,false
T50109,Bugatti_ChironProfilee_2022,Bugatti Chiron Pur Sport Profilée,T5,P5,,,337/3.1,2.40,12/88,9.019,8.716,8.851,8.902,8.718,8.592,8.855,8.399,false
T50113,Bugatti_ChironSuperSport_2022,Bugatti Chiron Super Sport,T5,P5,,,182/2.3,2.37,0/100,8.783,8.530,8.626,8.714,8.550,8.371,8.572,8.371,false
T50114,Bugatti_ChironSuperSportWRE_2020,Bugatti Chiron Super Sport 300,T5,P5,,,178/2.4,2.33,1/99,8.715,8.456,8.549,8.643,8.454,8.284,8.503,8.291,false
T50115,Bugatti_Divo_2019,Bugatti Divo,T5,5,,,150/2.0,2.35,6/94,9.264,9.058,9.024,9.183,9.042,8.927,8.934,8.797,false
T50117,Bugatti_Divo110_2019,Bugatti Divo 'CSR2 Bugatti 110 ans',T5,P5,,,201/2.6,2.34,16/84,9.365,9.151,9.065,9.288,9.148,8.948,9.209,8.962,false
T50120,Bugatti_LaVoitureNoire_2019,Bugatti La Voiture Noire,T5,P5,,,137/2.5,2.37,0/100,8.989,8.693,8.800,8.910,8.799,8.541,8.787,8.562,false
T50121,Bugatti_VeyronGrandSportVitesseAndroid_2012,Bugatti Veyron ''Ettore Bugatti'',T5,P5,,,377/3.1,3.08,0/100,8.851,8.598,8.794,8.787,8.610,8.497,8.722,8.667,false
T50122,Bugatti_VeyronGrandSportVitesseiOS_2012,Bugatti Veyron ''Jean Bugatti'',T5,P5,,,377/3.1,3.08,0/100,8.851,8.598,8.794,8.787,8.610,8.497,8.722,8.667,false
T50123,Bugatti_VeyronGrandSportVitesse_2012,Bugatti Veyron Grand Sport Vitesse,T5,5,,,351/3.0,3.02,0/100,8.963,8.652,8.898,8.898,8.722,8.596,8.819,8.719,false
T50124,Bugatti_VeyronGrandSportVitesseWRE_2012,Bugatti Veyron Grand Sport Vitesse WRC Edition,T5,P5,,,377/3.1,3.09,0/100,8.769,8.515,8.721,8.708,8.537,8.432,8.651,8.588,false
T50127,Bugatti_W16Mistral_2023,Bugatti W16 Mistral,T5,P5,,,144/2.2,2.00,0/100,7.876,7.846,7.845,7.860,7.750,7.593,7.672,7.455,false
T50128,Buick_RoadstershopGrandNational_1987,Buick Roadster Shops Grand National,T5,P5,648,1748,150/2.0,2.00,0/100,9.367,8.918,9.146,9.199,9.041,8.964,9.055,9.048,false
T50129,Chevrolet_CorvetteStingrayTNR_2020,Chevrolet 2020 Corvette Stingray,T5,0,,,188/4.0,2.00,0/100,9.463,9.303,9.318,9.399,9.178,9.172,9.289,9.243,false
T50130,Chevrolet_CorvetteStingrayTNR_2020_EC,Chevrolet 2020 Corvette Stingray,T5,P5,,,188/4.0,2.00,0/100,8.058,7.960,7.945,8.024,7.960,7.792,7.910,7.808,false
T50131,Chevrolet_CorvetteZ06RewardRecycled_2023,Chevrolet 2023 Corvette Z06,T5,5,,,150/2.0,2.00,0/100,8.911,8.716,8.800,8.855,8.815,8.617,8.722,8.488,false
T50132,Chevrolet_CorvetteZ06Reward_2023,Chevrolet 2023 Corvette Z06,T5,P5,,,150/2.0,2.00,0/100,8.984,8.805,8.864,8.923,8.882,8.683,8.795,8.526,false
T50133,Chevrolet_CorvetteZ06C8CRewardRecycled_2023,Chevrolet 2023 Corvette Z06 Convertible,T5,5,,,150/2.0,5.00,0/100,8.983,8.856,8.878,8.953,8.902,8.721,8.807,8.488,false
T50134,Chevrolet_CorvetteZ06C8CReward_2023,Chevrolet 2023 Corvette Z06 Convertible,T5,P5,,,150/2.0,5.00,0/100,9.013,8.908,8.919,8.991,8.936,8.758,8.849,8.513,false
T50135,Chevrolet_CorvetteZ06Z07Package_2023,Chevrolet 2023 Corvette Z06 'Z07 Package',T5,P5,,,150/2.0,2.00,0/100,8.639,8.499,8.538,8.599,8.560,8.362,8.465,8.308,false
T50136,Chevrolet_C10RewardRecycled_2016,Chevrolet C10 ''Tiffany'',T5,5,,,491/4.5,2.15,0/100,11.134,10.571,10.798,10.779,10.066,10.188,10.605,10.877,false
T50138,Chevrolet_C10Halloween_2016,Chevrolet C10 ''Tiffany'',T5,P5,,,506/4.9,3.15,15/85,9.959,9.739,9.864,9.846,9.703,9.514,9.777,9.803,false
T50143,Chevrolet_NASCARCamaroZL1_2020,Chevrolet Camaro ZL1 1LE NASCAR®,T5,P5,,,234/3.6,2.16,0/100,8.782,8.414,8.745,8.690,8.552,8.335,8.409,8.426,false
T50144,Chevrolet_COPOCamaroRewardRecycled_2019,Chevrolet COPO Camaro,T5,5,,,351/2.0,2.91,2/98,9.358,9.145,9.169,9.229,9.119,8.529,9.102,9.114,false
T50149,Chevrolet_CorvetteZR1RewardRecycled_2018,Chevrolet Corvette ZR1,T5,5,,,303/2.0,2.71,52/48,10.376,10.125,10.138,10.257,10.037,9.911,10.091,10.022,false
T50150,Chevrolet_CorvetteZR1Reward_2018,Chevrolet Corvette ZR1,T5,P5,,,320/2.0,2.74,52/48,10.338,10.097,10.101,10.222,9.990,9.868,10.062,9.969,false
T50151,Chevrolet_CorvetteZR1SH1_2018,Chevrolet Corvette ZR1,T5,P5,,,320/2.0,2.74,52/48,10.338,10.097,10.101,10.222,9.990,9.868,10.062,9.969,false
T50152,Chevrolet_CorvetteC4ZR1_1994,Chevrolet Corvette (C4) ZR-1,T5,P5,698,1794,150/2.0,2.00,0/100,9.265,9.051,9.117,9.158,9.095,8.957,9.034,9.065,false
T50155,Chevrolet_EddiesCorvetteC2_1963,Chevrolet Eddie's Rod & Custom Corvette C2 'XP-63',T5,P5,,,150/2.0,2.00,53/47,8.633,8.445,8.540,8.505,8.442,8.121,8.399,8.329,false
T50156,Chevrolet_CamaroSSNASCARXfinity_2021,Chevrolet ForeverLawn Zero Camaro SS NASCAR® Xfinity,T5,P5,,,50/6.0,2.22,53/47,9.479,9.158,9.305,9.372,9.286,8.955,9.199,9.066,false
T50157,Chevrolet_NASCARCamaroZL1JE_2020,Chevrolet ForeverLawn Zero Camaro ZL1 1LE NASCAR®,T5,P5,,,234/3.6,2.16,0/100,8.782,8.414,8.745,8.690,8.552,8.335,8.409,8.426,false
T50158,Chevrolet_GreeningCamaroIROCZ_1985,Chevrolet Greening Auto Company Camaro IROC Z28,T5,P5,,,150/2.0,2.00,0/100,8.247,8.244,8.166,7.992,8.097,8.064,8.097,8.064,false
T50159,Chevrolet_Camaro632_1988,Chevrolet Hoonigan Camaro '632',T5,P5,698,2082,150/2.0,2.00,0/100,8.704,8.383,8.506,8.597,8.456,8.207,8.402,8.319,false
T50160,Chevrolet_CapriceDonk_1971,Chevrolet Hoonigan Caprice 'DONK',T5,P5,698,2398,150/2.0,2.00,0/100,8.087,7.909,7.984,8.030,7.987,7.836,7.891,7.842,false
T50161,Chevrolet_NapalmNova_1972,Chevrolet Hoonigan Napalm Nova,T5,P5,698,2127,150/2.0,2.75,0/100,8.614,8.357,8.591,8.518,8.370,8.178,8.312,8.245,false
T50162,Chevrolet_HSCustomsCamaroRewardRecycled_2016,Chevrolet HS Customs ''Under Pressure'',T5,5,,,522/4.0,3.24,0/100,9.846,9.492,9.638,9.628,9.450,9.524,9.642,9.332,false
T50163,Chevrolet_HSCustomsCamaroReward_2016,Chevrolet HS Customs ''Under Pressure'',T5,P5,,,546/4.2,3.15,0/100,9.686,9.341,9.469,9.456,9.316,9.360,9.494,9.182,false
T50165,Chevrolet_LMCorvetteC8_2020,Chevrolet Label Motorsports Corvette Stingray,T5,P5,698,2272,150/2.0,2.00,0/100,8.330,8.171,8.266,8.235,8.184,8.059,8.161,8.016,false
T50166,Chevrolet_MonteCarloRaceCarF9_1995,Chevrolet Monte Carlo,T5,P5,,,150/2.0,2.00,0/100,8.993,8.631,8.815,8.793,8.807,8.491,8.710,8.511,false
T50167,Chevrolet_CamaroZL1NASCAR_2022,Chevrolet NASCAR Next Gen Camaro ZL1,T5,P5,,,50/6.0,2.76,52/48,10.019,9.550,9.635,9.870,9.702,9.489,9.706,9.751,false
T50168,Chevrolet_NovaSSF9_1970,Chevrolet Nova SS,T5,P5,,,150/2.0,53/47,53/47,8.909,8.699,8.781,8.762,8.628,8.455,8.654,8.488,false
T50171,Chevrolet_RingbrothersCamaroUSA_1969,Chevrolet Ringbrothers Camaro ''Uncle Sam'',T5,P5,,,266/3.1,2.30,0/100,8.867,8.608,8.727,8.743,8.701,8.503,8.629,8.256,false
T50172,Chevrolet_RingbrothersCamaro_1969,Chevrolet Ringbrothers Camaro ''Valkyrja'',T5,P5,,,266/3.1,2.34,0/100,8.873,8.614,8.740,8.753,8.713,8.522,8.645,8.304,false
T50173,Chevrolet_RingbrothersPickUp_1948,Chevrolet Ringbrothers Loadmaster 'ENYO',T5,P5,,,150/2.0,2.00,0/100,8.367,8.280,8.306,8.231,8.118,7.853,8.080,8.113,false
T50174,Chevrolet_RingbrothersChevelle_1966,Chevrolet Ringbrothers Chevelle 'Recoil',T5,P5,698,2049,150/2.0,2.36,52/48,8.772,8.538,8.707,8.617,8.533,8.321,8.517,8.340,false
T50175,Chevrolet_PandeMCamaroZ28_1972,Chevrolet Rocket Bunny Camaro Z28,T5,P5,698,1932,150/2.0,2.09,0/100,9.015,8.770,9.064,8.859,8.771,8.584,8.699,8.615,false
T50176,Chevrolet_SickSecondsCamaroSS_1969,Chevrolet 'Sick Seconds 1.0' Camaro SS,T5,P5,,,240/2.0,2.34,0/100,9.201,8.870,9.020,9.123,8.939,8.416,8.915,8.865,false
T50177,Czinger_21C_2021,Czinger 21C,T5,P5,,,150/2.0,2.00,52/48,9.229,9.052,9.013,9.140,9.016,8.685,8.882,8.709,false
T50178,Czinger_21CVMax_2023,Czinger 21C V Max,T5,P5,698,1983,150/2.0,2.00,0/100,8.899,8.655,8.745,8.818,8.602,8.479,8.629,8.577,false
T50179,Devel_Sixteen_2022,Devel Sixteen,T5,P5,,,150/2.0,3.80,0/100,8.272,8.192,8.195,8.250,8.150,7.999,8.039,7.779,false
T50180,Dodge_ChargerRTF1_1970,Dodge 1970 Charger R/T,T5,P5,,,242/3.2,3.15,7/93,9.446,9.326,9.387,9.378,9.370,9.075,9.309,9.189,false
T50181,Dodge_ChargerRTF4_1970,Dodge 1970 Charger R/T,T5,P5,,,155/4.8,2.26,0/100,8.685,8.460,8.619,8.638,8.546,8.316,8.401,8.555,false
T50182,Dodge_ChallengerMoparDragPakGold_2021,Dodge Challenger MOPAR Drag Pak,T5,5,,,150/2.0,2.80,0/100,9.597,9.361,9.381,9.484,9.338,9.048,9.366,9.291,false
T50183,Dodge_ChallengerMoparDragPak_2021,Dodge Challenger MOPAR Drag Pak,T5,P5,,,150/2.0,2.75,0/100,9.518,9.251,9.289,9.398,9.248,8.941,9.271,9.272,false
T50184,Dodge_ChallengerSRTDemonRewardRecycled_2018,Dodge Challenger SRT Demon,T5,5,700,1354,213/2.0,2.00,0/100,10.100,9.808,9.881,9.928,9.659,9.695,9.907,9.746,false
T50186,Dodge_HPE1200DemonGold_2018,Dodge Challenger SRT Demon HPE1200,T5,5,,,269/5.1,2.54,0/100,9.276,9.056,9.196,9.173,9.012,8.834,9.083,8.617,false
T50187,Dodge_HPE1200Demon_2018,Dodge Challenger SRT Demon HPE1200,T5,P5,,,296/5.1,2.58,0/100,9.245,9.028,9.154,9.135,8.984,8.839,9.131,8.655,false
T50191,Dodge_ChargerDaytona_1970,Dodge Charger Daytona 'Demon' 1970,T5,P5,698,2425,150/2.0,2.00,0/100,8.032,7.832,7.923,7.971,7.895,7.786,7.850,7.690,false
T50192,Dodge_ChargerRTF9_1966,Dodge Charger R/T HEMI,T5,P5,,,150/2.0,2.24,53/47,9.833,9.619,9.635,9.789,9.630,9.283,9.510,9.480,false
T50193,Dodge_ChargerTantrumF9_1970,Dodge Charger R/T 'Tantrum',T5,P5,,,150/2.0,2.82,0/100,8.974,8.748,8.787,8.874,8.672,8.582,8.642,8.651,false
T50196,Dodge_DemonChargerF9_2018,Dodge Charger SRT Hellcat Widebody,T5,P5,,,150/2.0,2.00,0/100,9.386,9.216,9.165,9.271,9.198,9.049,9.166,8.951,false
T50199,Dodge_WidebodyChargerF9_1968,Dodge Mid-Engine Charger R/T ''Hellacious'',T5,P5,,,150/2.0,2.44,0/100,9.341,9.109,9.161,9.196,9.048,8.725,9.003,8.859,false
T50200,Dodge_HavocChallenger_1970,Dodge Rides By Kam Challenger ''Havoc'',T5,P5,,,148/2.1,2.82,0/100,9.036,8.814,8.955,8.900,8.803,8.449,8.630,8.695,false
T50201,Dodge_RingbrosChargerCAPTIV_1969,Dodge Ringbrothers Charger 'CAPTIV',T5,P5,698,1794,150/2.0,2.00,0/100,9.283,8.914,9.095,9.123,8.960,8.733,8.928,8.972,false
T50202,Dodge_ViperACRExtremeAeroPackage_2016,Dodge Viper ACR Extreme Aero,T5,4,,,314/4.0,3.39,0/100,11.015,10.953,10.988,10.904,10.398,10.803,10.794,10.687,false
T50203,Dodge_ViperACRVoodooII_2016,Dodge Viper ACR 'Voodoo II',T5,P5,,,150/2.0,4.38,0/100,10.685,10.401,10.531,10.578,10.400,10.576,10.630,10.253,false
T50204,Dodge_ViperGTS_1996,Dodge Viper GTS (SRII),T5,P5,698,1926,150/2.0,2.07,0/100,9.002,8.888,8.933,8.923,8.833,8.722,8.750,8.659,false
T50205,Donkervoort_D8GTORewardRecycled_2015,Donkervoort D8 GTO,T5,5,,,271/5.0,3.29,27/73,10.681,10.501,10.568,10.500,10.399,10.333,10.424,10.397,false
T50206,Donkervoort_D8GTOReward_2015,Donkervoort D8 GTO Bare Naked Carbon Edition,T5,P5,,,289/5.3,3.20,30/70,10.562,10.364,10.446,10.376,10.281,10.199,10.294,10.273,false
T50207,Ferrari_296GTB_2022,Ferrari 296 GTB,T5,5,698,1888,150/2.0,2.00,0/100,9.082,8.927,8.987,9.034,8.932,8.689,8.861,8.607,false
T50208,Ferrari_296GTSRewardRecycled_2023,Ferrari 296 GTS,T5,5,698,1924,150/2.0,2.00,0/100,9.010,8.847,8.915,8.965,8.864,8.605,8.802,8.520,false
T50209,Ferrari_296GTSReward_2023,Ferrari 296 GTS,T5,P5,698,1952,150/2.0,2.00,0/100,8.954,8.795,8.863,8.810,8.911,8.555,8.745,8.483,false
T50213,Ferrari_488PistaRewardRecycled_2019,Ferrari 488 Pista,T5,4,,,186/2.0,2.25,52/48,10.136,9.880,9.939,9.994,9.884,9.256,9.804,9.783,false
T50220,Ferrari_512TR_1991,Ferrari 512 TR,T5,P5,698,1546,150/2.0,2.25,0/100,9.758,9.546,9.653,9.663,9.458,9.052,9.503,9.356,false
T50223,Ferrari_599XXEvoluzione_2011,Ferrari 599XX Evo,T5,5,,,150/2.0,2.31,53/47,9.792,9.291,9.433,9.670,9.433,9.471,9.478,9.705,false
T50224,Ferrari_812CompetizioneRewardRecycled_2021,Ferrari 812 Competizione,T5,5,,,150/2.0,2.00,52/48,9.197,8.881,9.048,9.098,8.841,8.745,8.896,8.955,false
T50225,Ferrari_812CompetizioneReward_2021,Ferrari 812 Competizione,T5,P5,,,150/2.0,2.00,52/48,9.113,8.788,8.965,9.015,8.758,8.657,8.806,8.922,false
T50226,Ferrari_812Competizione_2021,Ferrari 812 Competizione,T5,P5,,,150/2.0,2.00,53/47,9.116,8.789,8.967,9.016,8.759,8.658,8.809,8.925,false
T50229,Ferrari_812SuperfastRewardRecycled_2018,Ferrari 812 Superfast,T5,5,,,335/3.7,2.62,52/48,10.030,9.896,9.965,9.873,9.656,9.663,9.841,9.794,false
T50231,Ferrari_DaytonaSP3_2022,Ferrari Daytona SP3,T5,P5,,,150/2.0,2.00, 0/100,8.348,8.215,8.246,8.176,8.173,7.985,8.146,8.051,false
T50232,Ferrari_EnzoGold_2002,Ferrari Enzo,T5,5,,,150/2.0,2.00,53/47,9.316,9.053,9.284,9.205,9.104,8.802,9.070,9.036,false
T50233,Ferrari_Enzo_2002,Ferrari Enzo,T5,P5,,,150/2.0,2.00,53/47,9.094,8.949,9.063,8.978,8.882,8.578,8.842,8.805,false
T50234,Ferrari_F12berlinetta_2014,Ferrari F12berlinetta,T5,3,,,279/3.7,3.58,43/57,10.911,10.721,10.811,10.627,10.566,10.545,10.787,10.524,false
T50238,Ferrari_F50GT_1996,Ferrari F50 GT,T5,P5,698,2030,150/2.0,2.00,0/100,8.792,8.625,8.669,8.691,8.538,8.385,8.492,8.496,false
T50241,Ferrari_F8TributoRewardRecycled_2020,Ferrari F8 Tributo,T5,5,,,264/5.2,3.29,0/100,9.441,9.347,9.362,9.342,9.408,8.933,9.205,9.336,false
T50243,Ferrari_FXXEvoluzione_2008,Ferrari FXX Evoluzione,T5,P5,,,150/2.0,3.18,53/47,9.468,9.233,9.347,9.405,9.252,8.940,9.033,9.109,false
T50250,Ferrari_LaFerrari_2014,Ferrari LaFerrari,T5,5,,,446/4.5,3.67,3/97,10.089,9.841,9.913,10.038,9.964,9.776,9.699,9.922,false
T50251,Ferrari_LaFerrariAperta_2017,Ferrari LaFerrari Aperta,T5,5,,,404/2.0,3.84,52/48,10.864,10.624,10.745,10.722,10.649,10.215,10.556,10.468,false
T50252,Ferrari_LaFerrariAperta70thAnniversary_2017,Ferrari LaFerrari Aperta ''70th Anniversary'',T5,P5,,,377/2.8,3.80,52/48,10.723,10.574,10.589,10.566,10.506,10.060,10.433,10.340,false
T50254,Ferrari_MonzaRewardRecycled_2019,Ferrari Monza SP2,T5,5,,,248/2.8,2.60,26/74,10.510,10.243,10.432,10.271,10.426,9.849,10.165,10.050,false
T50259,Ferrari_SF90SpiderRewardRecycled_2021,Ferrari SF90 Spider,T5,5,,,219/3.0,2.37,0/100,8.875,8.777,8.839,8.862,8.513,8.462,8.639,8.338,false
T50260,Ferrari_SF90SpiderReward_2021,Ferrari SF90 Spider,T5,P5,,,222/3.5,2.22,0/100,8.815,8.614,8.765,8.747,8.450,8.358,8.612,8.299,false
T50261,Ferrari_SF90StradaleGold_2020,Ferrari SF90 Stradale,T5,5,,,150/2.0,2.00,0/100,9.012,8.575,8.648,8.625,8.444,8.243,8.450,8.342,false
T50262,Ferrari_SF90Stradale_2020,Ferrari SF90 Stradale,T5,P5,,,222/3.5,2.11,0/100,8.803,8.591,8.754,8.733,8.463,8.358,8.588,8.332,false
T50263,Ferrari_SF90StradaleAssettoFiorano_2021,Ferrari SF90 Stradale Assetto Fiorano,T5,P5,,,222/3.5,2.11,0/100,8.789,8.562,8.739,8.720,8.450,8.345,8.574,8.316,false
T50264,Ferrari_SF90StradaleAssettoFioranoF175_2021,Ferrari SF90 Stradale Assetto Fiorano,T5,P5,,,222/3.5,2.11,0/100,8.789,8.562,8.739,8.720,8.450,8.345,8.574,8.316,false
T50265,Ferrari_SF90XXStradale_2024,Ferrari SF90 XX Stradale,T5,P5,698,2429,150/2.0,2.00,0/100,7.995,7.879,7.947,7.971,7.865,7.751,7.844,7.644,false
T50267,Ford_GTLeMansRacecar_2016,Ford 2016 GT LM,T5,P5,,,150/2.0,2.00,52/48,8.574,8.297,8.508,8.533,8.382,8.002,8.338,8.384,false
T50274,Ford_Durty30_2016,Ford Durty 30,T5,5,,,300/4.3,2.34,0/100,9.955,9.535,9.906,9.856,9.585,9.476,9.898,9.758,false
T50275,Ford_Durty30Gold_2016,Ford Durty 30,T5,P5,,,150/2.0,2.43,0/100,9.681,9.449,9.561,9.596,9.398,9.430,9.465,9.405,false
T50277,Ford_MustangFoxbodyF9_1987,Ford Fox Body Mustang,T5,P5,,,150/2.0,2.67,0/100,9.281,9.156,9.199,9.221,9.164,8.960,9.023,8.903,false
T50278,Ford_MustangGT350F9_2016,Ford Mustang,T5,P5,,,150/2.0,2.00,52/48,9.334,9.092,9.158,9.273,9.168,8.970,9.061,9.044,false
T50280,Ford_MustangCobraJet_2019,Ford Mustang Cobra Jet,T5,5,,,315/2.0,2.79,0/100,9.823,9.424,9.655,9.635,9.620,9.038,9.521,9.511,false
T50281,Ford_MustangCobraJetVIP_2019,Ford Mustang Cobra Jet ''Boss' 50th Edition'',T5,P5,,,150/2.0,2.91,0/100,9.908,9.610,9.725,9.678,9.652,9.202,9.563,9.648,false
T50283,Ford_MustangGTFastbackTNR_2018,Ford Mustang GT,T5,0,,,180/3.1,2.24,56/44,10.526,10.276,10.316,10.374,10.101,10.134,10.313,10.420,false
T50284,Ford_MustangGTFastbackTNR_2018_EC,Ford Mustang GT,T5,P5,,,180/4.2,2.02,56/44,9.136,8.834,8.871,8.936,8.769,8.695,8.918,9.010,false
T50285,Ford_MustangMachE1400_2021,Ford Mustang Mach-E 1400,T5,P5,,,150/2.9,2.00,0/100,8.424,8.154,8.255,8.307,8.261,8.196,8.246,8.171,true
T50286,Ford_MustangGTHoonicornV1_1965,Ford Mustang RTR Hoonicorn V1,T5,P5,698,1795,150/2.0,2.00,53/47,9.277,8.926,9.051,9.168,8.440,8.855,8.958,8.906,false
T50287,Ford_MustangGTHoonicornV2_1965,Ford Mustang RTR Hoonicorn V2,T5,P5,,,150/2.0,2.00,53/47,9.277,8.926,9.051,9.168,8.944,8.855,8.958,8.906,false
T50289,Ford_MustangShelbyGT500RewardRecycled_2019,Ford Mustang Shelby GT500,T5,5,,,170/2.5,3.38,0/100,10.014,9.745,9.874,9.888,9.664,9.642,9.837,9.482,false
T50290,Ford_MustangShelbyGT500Reward_2019,Ford Mustang Shelby GT500,T5,P5,,,179/2.4,2.89,0/100,9.587,9.449,9.529,9.515,9.170,9.138,9.368,9.048,false
T50291,Ford_MustangNASCAR_2022,Ford NASCAR® Next Gen Mustang,T5,P5,,,150/2.0,2.00,0/100,8.814,8.612,8.637,8.717,8.642,8.409,8.501,8.526,false
T50292,Ford_RingbrothersMustangMach1_1969,Ford Ringbrothers Mustang Mach 1 'Patriarc',T5,P5,,,150/2.0,2.00,0/100,8.806,8.536,8.653,8.678,8.601,8.308,8.558,8.420,false
T50293,Ford_ROUSHStage3Mustang_2019,Ford ROUSH Stage 3 Mustang,T5,4,,,276/4.9,3.35,0/100,10.046,9.874,9.923,9.925,9.821,9.686,9.821,10.027,false
T50294,Ford_Supervan4_2022,Ford SuperVan 4,T5,P5,,,225/3.0,2.00,0/100,8.244,8.159,8.057,8.078,8.103,7.946,7.987,7.965,true
T50295,Ford_WeaverCustomsMustangFastback_1968,Ford Weaver Customs Mustang Fastback 'Shotgun',T5,P5,698,1970,150/2.0,3.32,0/100,8.925,8.660,8.738,8.760,8.682,8.413,8.656,8.647,false
T50296,Ford_WeaverCustomsModelAMS_1931,Ford Weaver Customs ''Twisted Mistress'',T5,P5,,,203/4.3,2.00,0/100,8.771,8.432,8.642,8.632,8.638,8.268,8.377,8.638,false
T50297,Ford_WeaverCustomsModelALB_1931,Ford Weaver Customs ''Twisted Mistress'',T5,P5,,,203/4.3,2.00,0/100,8.704,8.372,8.577,8.567,8.538,8.208,8.317,8.537,false
T50299,Ginetta_AkulaGold_2019,Ginetta Akula,T5,5,,,181/2.2,2.55,52/48,9.478,9.218,9.316,9.382,9.207,8.863,9.171,9.308,false
T50300,Ginetta_Akula_2019,Ginetta Akula,T5,P5,,,316/4.6,2.74,0/100,9.086,8.899,9.009,8.984,8.817,8.522,8.785,8.910,false
T50303,Hennessey_VenomF5_2021,Hennessey 2022 Venom F5,T5,P5,,,150/2.0,2.00,0/100,7.987,7.931,7.929,7.965,7.915,7.746,7.827,7.602,false
T50304,Hennessey_CamaroExorcistRewardRecycled_2017,Hennessey Exorcist,T5,5,,,174/2.4,2.19,23/77,9.832,9.624,9.678,9.759,9.490,9.316,9.617,9.527,false
T50305,Hennessey_CamaroExorcistReward_2017,Hennessey Exorcist,T5,P5,,,173/2.6,2.18,22/78,9.753,9.557,9.602,9.676,9.392,9.264,9.550,9.478,false
T50306,Hennessey_CamaroTheResurrection_2017,Hennessey Resurrection,T5,P5,,,150/2.0,2.03,0/100,9.306,9.029,9.178,9.163,9.097,8.922,9.080,8.999,false
T50307,Hennessey_VenomF5Gold_2020,Hennessey Venom F5 ''Concept'',T5,5,,,132/5.5,2.05,0/100,7.851,7.756,7.779,7.823,7.691,7.565,7.608,7.699,false
T50308,Hennessey_VenomF5_2020,Hennessey Venom F5 ''Concept'',T5,P5,,,301/5.0,3.21,0/100,8.347,8.044,8.304,8.293,8.283,7.985,8.205,8.003,false
T50309,Hennessey_VenomF5RoadsterRewardRecycled_2023,Hennessey Venom F5 Roadster,T5,5,,,150/2.0,2.00,0/100,8.040,7.990,7.984,8.021,7.968,7.799,7.885,7.649,false
T50310,Hennessey_VenomF5RoadsterReward_2023,Hennessey Venom F5 Roadster,T5,P5,,,150/2.0,2.00,0/100,7.987,7.931,7.929,7.965,7.915,7.746,7.827,7.602,false
T50314,Hennessey_VenomGTSpyderRewardGold_2016,Hennessey Venom GT Spyder ''Final Edition'',T5,P5,,,483/4.8,2.96,10/90,9.599,9.442,9.457,9.508,9.333,9.053,9.376,9.262,false
T50315,Honda_IndyTruck_2017,Honda Hoonigan Indy Truck,T5,P5,698,2275,150/2.0,2.00,0/100,8.319,8.118,8.117,8.181,8.155,7.999,8.022,8.155,false
T50316,Honda_NSXTNR_1992,Honda 1992 NSX Type R,T5,0,698,1727,150/2.0,2.33,0/100,9.400,9.218,9.284,9.346,9.128,9.069,9.179,9.186,false
T50317,Honda_NSXTNR_1992_EC,Honda 1992 NSX Type R,T5,P5,698,2252,150/2.0,2.07,0/100,8.351,8.222,8.242,8.299,8.148,8.021,8.123,8.142,false
T50319,Honda_S2000TNR_2001_EC,Honda S2000,T5,P5,698,1542,150/2.0,2.61,53/47,9.791,9.536,9.571,9.668,9.479,9.321,9.520,9.676,false
T50320,Honda_S2000F1_2001,Honda Veilside S2000,T5,P5,697,1681,242/2.5,3.00,0/100,9.554,9.401,9.455,9.418,9.017,9.273,9.391,9.146,false
T50321,Honda_S2000F2_2001,Honda Veilside S2000,T5,P5,696,1645,170/5.2,2.00,52/48,9.640,9.335,9.459,9.556,9.176,9.149,9.273,9.537,false
T50322,Indy_Car_2021,INDYCAR,T5,P5,698,1770,150/2.0,3.63,53/47,9.300,9.009,9.187,9.163,9.093,8.741,8.977,8.867,false
T50323,Italdesign_ZerounoRewardRecycled_2017,Italdesign Zerouno,T5,5,,,204/3.3,2.00,0/100,9.384,9.134,9.285,9.266,8.982,8.977,9.163,9.172,false
T50324,Italdesign_ZerounoReward_2017,Italdesign Zerouno,T5,P5,,,216/3.3,2.00,0/100,9.307,9.082,9.212,9.188,8.896,8.888,9.089,9.072,false
T50325,Italdesign_ZerounoDuerta_2018,Italdesign Zerouno Duerta,T5,P5,,,216/3.3,2.00,0/100,9.307,9.082,9.212,9.188,8.896,8.888,9.089,9.072,false
T50329,Jaguar_FTYPERConvertibleRewardRecycled_2021,Jaguar F-TYPE R Convertible,T5,4,,,150/2.0,2.52,0/100,9.585,9.408,9.538,9.534,9.511,9.248,9.351,9.246,false
T50337,Kimera_EVO37Gold_2022,Kimera EVO37,T5,P5,,,150/2.0,2.09,0/100,8.858,8.737,8.826,8.805,8.716,8.457,8.582,8.460,false
T50338,Kimera_EVO37_2022,Kimera EVO37,T5,P5,,,150/2.0,2.09,0/100,8.858,8.737,8.826,8.805,8.716,8.457,8.582,8.460,false
T50339,Koenigsegg_AgeraRSRewardRecycled_2017,Koenigsegg Agera RS,T5,5,,,373/2.8,2.10,19/81,9.483,9.235,9.311,9.372,8.903,9.160,9.365,9.283,false
T50340,Koenigsegg_AgeraRSReward_2017,Koenigsegg Agera RS,T5,P5,,,378/3.0,2.08,22/78,9.427,9.195,9.276,9.332,8.838,9.099,9.322,9.228,false
T50342,Koenigsegg_CC850_2023,Koenigsegg CC850,T5,P5,698,2180,150/2.0,2.00,0/100,8.496,8.363,8.418,8.431,8.276,8.219,8.249,8.093,false
T50343,Koenigsegg_Gemera_2021,Koenigsegg Gemera,T5,5,,,65/9.0,2.36,0/100,9.088,8.712,8.803,8.930,8.717,8.550,8.859,8.772,false
T50344,Koenigsegg_GemeraLE_2021,Koenigsegg Gemera 'Launch Edition',T5,P5,,,68/8.7,2.32,0/100,8.942,8.597,8.659,8.783,8.569,8.398,8.701,8.615,false
T50345,Koenigsegg_Jesko_2020,Koenigsegg Jesko,T5,P5,698,2373,324/4.4,3.40,0/100,8.126,7.882,8.031,8.074,7.921,7.755,7.909,7.886,false
T50346,Koenigsegg_JeskoRoofless_2020,Koenigsegg Jesko,T5,P5,698,2373,324/4.4,3.40,0/100,8.126,7.882,8.031,8.074,7.921,7.755,7.909,7.886,false
T50347,Koenigsegg_JeskoGold_2020,Koenigsegg Jesko 'Draco Red',T5,P5,698,2477,161/2.0,3.61,0/100,7.912,7.879,7.902,7.910,7.823,7.774,7.854,7.343,false
T50348,Koenigsegg_JeskoAbsolut_2021,Koenigsegg Jesko Absolut,T5,P5,698,2350,203/2.8,2.00,0/100,8.174,8.078,8.105,8.144,8.052,7.919,7.952,7.693,false
T50350,Koenigsegg_RegeraRewardRecycled_2016,Koenigsegg Regera ''CSR Edition'',T5,5,,,213/2.5,3.26,56/44,10.209,10.154,10.184,10.175,10.141,9.632,9.873,8.980,false
T50351,Koenigsegg_RegeraReward_2016,Koenigsegg Regera ''CSR Edition'',T5,P5,,,224/2.5,3.21,56/44,10.122,10.059,10.099,10.106,10.056,9.606,9.776,8.867,false
T50352,Koenigsegg_RegeraRewardGold_2016,Koenigsegg Regera ''CSR Edition'' Ghost Package,T5,P5,,,50/7.5,2.86,52/48,10.222,10.142,10.201,10.182,10.127,9.672,9.858,8.934,false
T50353,Koenigsegg_RegeraHalloween_2016,Koenigsegg Regera ''CSR Edition'' Ghost Package,T5,P5,,,224/2.5,3.21,56/44,10.122,10.059,10.099,10.106,10.056,9.606,9.776,8.867,false
T50354,KTM_XBowGTX_2020,KTM X-Bow GTX,T5,P5,,,150/2.0,2.31,53/47,8.986,8.833,8.906,8.909,8.885,8.675,8.740,8.539,false
T50358,Lamborghini_AventadorSJRewardRecycled_2021,Lamborghini Aventador LP 780-4 Ultimae,T5,5,,,150/2.0,2.00,53/47,9.763,9.264,9.548,9.637,9.534,9.391,9.464,9.510,false
T50359,Lamborghini_AventadorSJReward_2021,Lamborghini Aventador LP 780-4 Ultimae,T5,P5,,,150/2.0,2.00,53/47,9.623,9.232,9.402,9.497,9.393,9.262,9.332,9.353,false
T50360,Lamborghini_AventadorTNR_2021,Lamborghini Aventador LP 780-4 Ultimae,T5,0,698,1454,150/2.0,2.84,0/100,9.949,9.672,9.793,9.881,9.641,9.589,9.664,9.509,false
T50361,Lamborghini_AventadorTNR_2021_EC,Lamborghini Aventador LP 780-4 Ultimae,T5,P5,698,1874,150/2.0,2.56,0/100,9.109,8.776,8.911,8.994,8.774,8.736,8.841,8.679,false
T50365,Lamborghini_AventadorSVJRoadster_2020,Lamborghini Aventador SVJ 63 Roadster,T5,5,,,50/6.0,2.12,0/100,9.259,9.142,9.222,9.167,9.102,8.659,8.864,9.065,false
T50366,Lamborghini_AventadorSVJRoadsterRewardRecycled_2020,Lamborghini Aventador SVJ Roadster,T5,5,,,159/3.7,2.39,0/100,9.104,8.979,9.064,9.010,8.981,8.748,8.821,8.884,false
T50368,Lamborghini_Centenario_2017,Lamborghini Centenario,T5,P5,700,1825,150/2.0,2.29,0/100,9.134,9.052,9.116,9.101,8.987,8.490,8.747,9.055,false
T50369,Lamborghini_CentenarioRoadsterAndroid_2017,Lamborghini Centenario Roadster,T5,P5,700,1744,150/2.0,2.87,0/100,9.326,9.072,9.214,9.189,9.171,8.763,9.082,9.300,false
T50370,Lamborghini_CentenarioRoadsteriOS_2017,Lamborghini Centenario Roadster,T5,P5,700,1744,150/2.0,2.87,0/100,9.326,9.072,9.214,9.189,9.171,8.763,9.082,9.300,false
T50371,Lamborghini_CentenarioRoadsterAdPersonam_2017,Lamborghini Centenario Roadster Ad Personam,T5,P5,700,1378,127/5.1,2.98,23/77,10.058,9.659,9.834,9.876,9.734,9.434,9.864,9.610,false
T50372,Lamborghini_CountachLPI8004RewardRecycled_2022,Lamborghini Countach LPI 800-4,T5,5,,,50/6.0,2.49,0/100,9.197,8.941,9.058,9.097,8.966,8.807,8.915,8.695,false
T50373,Lamborghini_CountachLPI8004Reward_2022,Lamborghini Countach LPI 800-4,T5,P5,702,1788,50/6.0,2.44,0/100,9.098,8.806,8.952,8.993,8.860,8.698,8.808,8.655,false
T50374,Lamborghini_CountachLPI8004_2022,Lamborghini Countach LPI 800-4,T5,P5,702,1788,50/6.0,2.44,0/100,9.098,8.806,8.952,8.993,8.860,8.698,8.808,8.655,false
T50375,Lamborghini_DiabloSV_1997,Lamborghini Diablo SV,T5,P5,698,2033,150/2.0,2.00,0/100,8.798,8.603,8.694,8.667,8.670,8.515,8.547,8.521,false
T50376,Lamborghini_EssenzaSCV12_2021,Lamborghini Essenza SCV12,T5,P5,698,1789,114/3.4,2.11,0/100,9.276,8.911,9.074,9.074,8.975,8.700,8.930,8.807,false
T50377,Lamborghini_EssenzaSCV12Nero_2021,Lamborghini Essenza SCV12,T5,P5,698,1789,114/3.4,2.11,0/100,9.276,8.911,9.074,9.074,8.975,8.700,8.930,8.807,false
T50378,Lamborghini_EssenzaSCV12Monterey_2021,Lamborghini Essenza SCV12 'Bianco Asopo',T5,P5,698,1789,114/3.4,2.11,0/100,9.276,8.911,9.074,9.074,8.975,8.700,8.930,8.807,false
T50381,Lamborghini_HuracanEvoRewardRecycled_2019,Lamborghini Huracán Evo Coupé,T5,5,,,238/3.0,2.75,0/100,9.610,9.463,9.521,9.501,9.389,9.245,9.357,9.595,false
T50382,Lamborghini_HuracanEvoReward_2019,Lamborghini Huracán Evo Coupé,T5,P5,,,166/2.8,2.67,0/100,9.437,9.332,9.362,9.347,9.196,9.078,9.191,9.428,false
T50385,Lamborghini_HuracanGT3EVORacecar_2019,Lamborghini Huracán GT3 EVO,T5,P5,698,1733,186/3.6,2.70,0/100,9.391,8.926,9.157,9.292,8.996,8.981,9.197,8.941,false
T50386,Lamborghini_HuracanGT3Evo2_2024,Lamborghini Huracan GT3 Evo 2,T5,P5,698,2139,150/2.0,2.00,0/100,8.578,8.372,8.481,8.447,8.344,8.212,8.264,8.226,false
T50387,Lamborghini_HuracanPerformanteRewardRecycled_2018,Lamborghini Huracán Performante,T5,5,,,304/4.2,2.83,12/88,9.766,9.660,9.712,9.571,9.379,9.514,9.561,9.594,false
T50388,Lamborghini_HuracanPerformanteReward_2018,Lamborghini Huracán Performante,T5,P5,,,336/4.1,2.81,12/88,9.686,9.573,9.628,9.490,9.282,9.429,9.484,9.552,false
T50389,Lamborghini_HuracanPerformanteSpyder_2019,Lamborghini Huracán Performante Spyder,T5,5,,,285/3.1,3.05,0/100,9.817,9.669,9.778,9.732,9.488,9.449,9.553,9.580,false
T50390,Lamborghini_HuracanSTO_2021,Lamborghini Huracán STO,T5,5,,,83/8.4,2.61,0/100,9.625,9.375,9.483,9.540,9.335,9.204,9.309,9.149,false
T50391,Lamborghini_HuracanSTOEVO_2021,Lamborghini Huracán STO,T5,P5,,,70/10.5,2.45,0/100,9.126,8.952,9.102,9.087,8.952,8.688,8.832,8.808,false
T50394,Lamborghini_Invencible_2023,Lamborghini Invencible,T5,P5,698,1819,150/2.0,2.47,0/100,9.232,8.941,9.085,9.140,8.954,8.828,8.922,8.763,false
T50396,Lamborghini_LBAventadorLP7004RewardRecycled_2011,Lamborghini LB Aventador Coupé,T5,5,,,369/2.0,2.24,53/47,9.309,9.094,9.227,9.229,9.125,8.928,8.991,9.183,false
T50398,Lamborghini_LBAventadorLP7004RewardVIP_2011,Lamborghini LB Aventador Coupé,T5,P5,,,369/2.0,2.17,53/47,9.226,9.038,9.179,9.189,9.069,8.834,8.923,9.086,false
T50399,Lamborghini_HuracanLP6104RewardRecycled_2014,Lamborghini LB Huracán Coupé,T5,5,,,447/3.0,3.46,1/99,11.110,10.657,10.836,10.823,10.418,10.541,10.781,10.795,false
T50404,Lamborghini_LBSilhouetteHuracanRewardRecycled_2014_EC,Lamborghini LB Silhouette Huracán Coupé,T5,5,,,177/2.0,2.91,0/100,8.922,8.771,8.877,8.861,8.769,8.445,8.680,8.830,false
T50406,Lamborghini_MurcielagoLP640F8_2006,Lamborghini Murciélago,T5,P5,,,377/3.5,3.04,0/100,9.547,9.320,9.496,9.468,9.368,9.295,9.405,9.172,false
T50407,Lamborghini_IVRewardRecycled_2024,Lamborghini Lanzador Concept,T5,5,698,2242,225/3.0,2.00,0/100,8.374,8.317,8.374,8.357,8.264,8.110,8.182,8.087,true
T50408,Lamborghini_IVReward_2024,Lamborghini Lanzador Concept,T5,P5,698,2288,225/3.0,2.00,0/100,8.282,8.232,8.294,8.266,8.174,8.036,8.098,7.995,true
T50409,Lamborghini_MurcielagoSVRewardRecycled_2009,Lamborghini Murciélago LP670-4 SuperVeloce,T5,4,,,96/6.0,2.58,52/48,10.717,10.591,10.609,10.613,10.539,10.099,10.363,10.413,false
T50410,Lamborghini_MurcielagoSVReward_2009,Lamborghini Murciélago LP670-4 SuperVeloce,T5,P4,,,101/6.0,2.55,52/48,10.639,10.526,10.528,10.532,10.457,10.007,10.294,10.325,false
T50411,Lamborghini_RevueltoRewardRecycled_2024,Lamborghini Revuelto,T5,5,698,1771,150/2.0,2.00,0/100,9.275,8.858,9.053,9.092,8.919,8.929,8.941,9.005,false
T50412,Lamborghini_RevueltoReward_2024,Lamborghini Revuelto,T5,P5,698,1852,150/2.0,2.00,0/100,9.153,8.770,8.931,8.964,8.863,8.777,8.825,8.845,false
T50413,Lamborghini_SC18Alston_2019,Lamborghini SC18,T5,P5,703,1831,61/6.0,2.66,0/100,8.945,8.657,8.756,8.796,8.693,8.635,8.724,8.983,false
T50414,Lamborghini_SC20_2020,Lamborghini SC20,T5,P5,,,50/6.0,2.42,0/100,9.005,8.737,8.863,8.902,8.769,8.618,8.731,8.555,false
T50415,Lamborghini_SC63LMDH_2024,Lamborghini SC63,T5,P5,698,1965,150/2.0,2.84,0/100,8.951,8.608,8.831,8.841,8.647,8.467,8.657,8.488,false
T50417,Lamborghini_SestoElementoCrew_2012,Harkness's Lamborghini Sesto Elemento,T5,P5,,,255/3.0,2.00,54/46,10.149,9.935,9.886,9.953,9.958,9.323,9.722,9.912,false
T50418,Lamborghini_FewOff_2020,Lamborghini Sián FKP 37,T5,P5,,,126/9.3,2.27,0/100,8.529,8.378,8.477,8.424,8.351,8.166,8.264,8.477,false
T50419,Lamborghini_SianRoadster_2021,Lamborghini Sián Roadster,T5,P5,702,2162,50/6.0,2.22,0/100,8.338,8.236,8.341,8.285,8.222,7.958,7.963,8.215,false
T50420,Lamborghini_TerzoMillennio_2017,Lamborghini Terzo Millennio,T5,P5,,,150/2.9,2.00,0/100,8.475,8.213,8.316,8.361,8.285,8.230,8.269,8.196,true
T50421,Lamborghini_VenenoGold_2013,Lamborghini Veneno,T5,5,,,158/4.2,2.02,2/98,9.701,9.373,9.471,9.554,9.481,9.242,9.406,9.222,false
T50422,Lamborghini_Veneno_2013,Lamborghini Veneno,T5,P5,,,231/2.7,2.36,0/100,9.524,9.333,9.450,9.455,9.367,9.055,9.343,9.160,false
T50423,Lamborghini_VenenoRoadsterGold_2014,Lamborghini Veneno Roadster,T5,5,,,160/4.2,2.00,0/100,9.712,9.346,9.447,9.550,9.450,9.230,9.415,9.222,false
T50424,Lamborghini_VenenoRoadster_2014,Lamborghini Veneno Roadster,T5,P5,,,158/4.4,2.00,0/100,9.874,9.519,9.560,9.705,9.602,9.392,9.561,9.363,false
T50425,Lancia_DeltaHFIntegraleEvo2_1994,Lancia Delta HF Integrale Evo 2,T5,P5,698,1836,150/2.0,2.00,0/100,9.202,9.024,9.178,9.103,9.039,8.838,8.986,8.814,false
T50426,Lexus_LFAGold_2011,Lexus LFA,T5,5,,,196/2.8,2.66,0/100,9.953,9.762,9.920,9.902,9.746,9.247,9.648,9.538,false
T50427,Lexus_LFA_2011,Lexus LFA,T5,P5,,,203/2.8,2.80,0/100,9.469,9.259,9.406,9.409,9.256,8.709,9.099,9.322,false
T50428,Lexus_LFANurburgringPackage_2011,Lexus LFA Nürburgring Package,T5,P5,,,203/2.8,2.80,0/100,9.469,9.259,9.406,9.409,9.256,8.709,9.099,9.322,false
T50429,Lotus_EvijaRewardRecycled_2020,Lotus Evija,T5,5,698,2020,150/2.3,2.00,0/100,8.824,8.524,8.633,8.690,8.563,8.526,8.600,8.486,true
T50430,Lotus_EvijaReward_2020,Lotus Evija,T5,P5,698,2055,150/2.3,2.00,0/100,8.753,8.462,8.567,8.616,8.508,8.474,8.528,8.405,true
T50431,Lotus_Evija_2020,Lotus Evija,T5,P5,,,50/6.8,2.00,0/100,8.711,8.425,8.534,8.579,8.502,8.432,8.485,8.390,true
T50432,Maserati_MC12BC_2004,Maserati MC12 Stradale,T5,P5,,,203/3.4,2.86,0/100,9.865,9.403,9.697,9.808,9.764,9.240,9.582,9.536,false
T50433,Maserati_MC12_2004,Maserati MC12 Stradale,T5,P5,,,222/3.6,3.50,16/84,10.393,10.257,10.254,10.291,10.218,9.770,10.093,9.953,false
T50434,Maserati_MC12CarbonBlue_2004,Maserati MC12 Stradale 'Carbon Blu',T5,P5,,,222/3.6,3.50,16/84,10.393,10.257,10.254,10.291,10.218,9.770,10.093,9.953,false
T50435,Maserati_MC20_2021,Maserati MC20,T5,5,,,150/2.0,4.94,0/100,9.639,9.241,9.374,9.539,9.410,9.325,9.420,9.112,false
T50436,Maserati_MC20Coupe_2021,Maserati MC20,T5,P5,,,150/2.0,4.94,0/100,9.559,9.193,9.286,9.458,9.325,9.232,9.349,9.105,false
T50437,Maserati_MC20CieloRewardRecycled_2023,Maserati MC20 Cielo,T5,5,698,1614,150/2.0,4.94,0/100,9.639,9.241,9.374,9.539,9.410,9.325,9.420,9.112,false
T50438,Maserati_MC20CieloReward_2023,Maserati MC20 Cielo,T5,P5,698,1654,150/2.0,4.94,0/100,9.559,9.193,9.292,9.458,9.357,9.249,9.375,9.025,false
T50439,Mazda_Furai_2008,Mazda Furai,T5,P5,,,225/2.0,2.00,53/47,9.190,8.844,8.881,9.024,8.841,8.535,8.870,8.776,false
T50440,Mazda_LBSuperSilhouetteRX7_1993,Mazda LB Silhouette RX-7,T5,P5,697,1434,295/2.2,2.00,52/48,10.017,9.873,10.001,9.872,9.685,9.521,9.675,9.711,false
T50443,Mazda_LBSuperSilhouetteRX7SE_1993,Mazda Special Effect LB Silhouette RX-7,T5,P5,697,1434,295/2.2,2.00,52/48,10.017,9.873,10.001,9.872,9.685,9.521,9.675,9.711,false
T50444,Mazda_RX7F3_1993,Mazda Veilside Fortune RX-7,T5,P5,,,303/2.0,2.00,52/48,10.008,10.186,10.344,9.839,9.718,9.521,9.669,9.762,false
T50445,Mazzanti_EvantraMillecavalliGold_2019,Mazzanti Evantra Millecavalli,T5,5,,,196/2.8,2.28,0/100,8.814,8.674,8.784,8.780,8.575,8.330,8.544,8.473,false
T50446,Mazzanti_EvantraMillecavalli_2019,Mazzanti Evantra Millecavalli,T5,P5,,,303/3.1,2.20,52/48,8.489,8.272,8.419,8.407,8.308,8.038,8.301,8.334,false
T50448,McLaren_600LTRewardRecycled_2019,McLaren 600LT,T5,5,696,1442,315/2.0,2.14,0/100,9.981,9.562,9.723,9.807,9.592,9.514,9.625,9.635,false
T50450,McLaren_600LTSpiderRewardRecycled_2020,McLaren 600LT Spider,T5,5,,,200/2.0,2.70,0/100,8.678,8.557,8.675,8.643,8.628,8.338,8.404,8.628,false
T50451,McLaren_600LTSpiderReward_2020,McLaren 600LT Spider by MSO,T5,P5,,,219/2.0,2.66,0/100,8.605,8.509,8.602,8.573,8.554,8.258,8.324,8.550,false
T50453,McLaren_675LTSpiderRewardRecycled_2016,McLaren 675LT Spider,T5,4,,,335/3.4,2.39,0/100,10.913,10.716,10.830,10.793,10.578,10.701,10.811,10.546,false
T50454,McLaren_675LTSpiderReward_2016,McLaren 675LT Spider,T5,P4,,,364/3.4,2.36,0/100,10.830,10.631,10.746,10.709,10.503,10.618,10.727,10.463,false
T50456,McLaren_P14CoupeReward_2017,McLaren 720S,T5,P5,,,477/4.5,2.42,0/100,9.426,9.186,9.384,9.326,8.941,9.007,9.087,9.227,false
T50457,McLaren_P14CoupeSH1_2017,McLaren 720S,T5,P5,698,1704,529/4.2,2.61,0/100,9.457,9.167,9.393,9.330,8.923,9.106,9.098,9.187,false
T50458,McLaren_720STNR_2017,McLaren 720S,T5,0,698,1841,150/2.0,2.25,0/100,9.168,9.009,9.106,9.121,9.019,8.888,8.981,8.902,false
T50459,McLaren_720STNR_2017_EC,McLaren 720S,T5,P5,698,2391,150/2.0,2.00,0/100,8.069,7.952,7.998,8.040,7.591,7.780,7.875,7.740,false
T50460,McLaren_720SGT3_2019,McLaren 720S GT3,T5,P5,698,2246,150/2.0,2.00,0/100,8.385,8.229,8.331,8.373,8.233,8.039,8.174,8.042,false
T50461,McLaren_720SGT3X_2021,McLaren 720S GT3X,T5,P5,,,150/2.0,2.00,0/100,8.240,8.096,8.187,8.211,8.103,7.947,8.014,7.897,false
T50462,McLaren_720SSpiderRewardRecycled_2019,McLaren 720S Spider,T5,5,,,261/3.4,3.21,0/100,9.693,9.490,9.662,9.611,9.402,9.299,9.471,9.004,false
T50464,McLaren_765LT_2021,McLaren 765LT,T5,5,,,264/2.3,3.22,0/100,9.110,8.887,9.001,9.044,8.696,8.882,8.738,8.674,false
T50465,McLaren_765LTSpiderRewardRecycled_2021,McLaren 765LT Spider,T5,5,,,264/2.3,3.22,0/100,9.110,8.887,9.001,9.044,8.696,8.882,8.738,8.674,false
T50466,McLaren_765LTSpiderReward_2021,McLaren 765LT Spider,T5,P5,,,264/2.5,3.29,0/100,8.991,8.755,8.883,8.922,8.619,8.752,8.706,8.538,false
T50467,McLaren_ArturaRewardRecycled_2022,McLaren Artura,T5,5,,,150/2.0,2.56,53/47,10.156,9.904,10.001,10.037,9.940,9.650,9.838,9.829,false
T50469,McLaren_ElvaGold_2021,McLaren Elva,T5,5,,,264/2.3,3.36,0/100,8.568,8.398,8.474,8.477,8.336,8.393,8.358,8.169,false
T50470,McLaren_Elva_2021,McLaren Elva,T5,P5,,,264/2.5,3.36,0/100,8.610,8.422,8.523,8.559,8.357,8.422,8.322,8.204,false
T50471,McLaren_ElvaGOSH_2021,McLaren Elva GOSH Edition,T5,P5,,,264/2.5,3.36,0/100,8.610,8.422,8.523,8.559,8.357,8.422,8.322,8.204,false
T50472,McLaren_ElvaMSO_2021,McLaren Elva M1A by MSO,T5,P5,,,264/2.5,3.36,0/100,8.610,8.422,8.523,8.559,8.357,8.422,8.322,8.204,false
T50474,McLaren_F1_1993_EC,McLaren F1,T5,P5,,,150/2.0,2.00,0/100,7.772,7.532,7.736,7.730,7.647,7.507,7.635,7.713,false
T50475,McLaren_F1GT_1997,McLaren F1 GT,T5,P5,698,2291,150/2.0,2.00,0/100,8.295,8.102,8.197,8.190,8.090,8.001,8.057,7.859,false
T50476,McLaren_F1LM_1995,McLaren F1 LM,T5,P5,,,128/2.9,2.42,31/69,9.114,8.538,8.912,8.882,8.770,8.660,8.881,8.984,false
T50477,McLaren_GTRewardRecycled_2020,McLaren GT,T5,5,,,196/3.3,3.29,0/100,9.403,9.221,9.329,9.317,9.066,9.019,9.109,9.077,false
T50480,McLaren_LB650SReward_2015,McLaren Liberty Walk 650S,T5,P5,,,384/4.6,3.57,0/100,9.839,9.750,9.803,9.795,9.612,9.568,9.552,9.616,false
T50482,McLaren_P1_2014,McLaren P1™,T5,5,,,488/17.0,3.59,1/99,9.623,9.380,9.445,9.528,9.406,9.191,9.433,9.250,false
T50483,McLaren_P1GTRRewardRecycled_2015,McLaren P1™ GTR,T5,5,,,403/3.0,4.00,6/94,9.448,9.284,9.334,9.413,9.190,9.076,9.290,9.392,false
T50484,McLaren_P1GTRReward_2015,McLaren P1™ GTR,T5,P5,,,513/18.5,3.67,6/94,9.210,8.983,9.057,9.169,9.025,8.753,9.017,9.082,false
T50485,McLaren_P1GTREvo_2015,McLaren P1™ GTR ''Pebble Beach'',T5,P5,,,410/3.2,3.18,1/99,9.581,9.466,9.522,9.563,9.297,9.320,9.507,9.485,false
T50486,McLaren_Senna_2018,McLaren Senna,T5,P5,698,2226,172/3.2,3.02,0/100,8.421,8.243,8.398,8.395,8.180,8.145,8.295,8.238,false
T50487,McLaren_SennaLE_2018,McLaren Senna ''Launch Edition'',T5,P5,698,2226,172/3.2,3.02,0/100,8.421,8.243,8.398,8.395,8.180,8.145,8.295,8.238,false
T50488,McLaren_SennaCarbon_2018,McLaren Senna Carbon Theme By MSO,T5,P5,699,2200,150/5.0,2.82,0/100,8.420,8.297,8.384,8.380,8.258,8.008,8.107,8.091,false
T50489,McLaren_SennaGOSH_2018,McLaren Senna GOSH Edition,T5,P5,698,2226,172/3.2,3.02,0/100,8.421,8.243,8.398,8.395,8.180,8.145,8.295,8.238,false
T50490,McLaren_SennaGTR_2020,McLaren Senna GTR,T5,P5,,,179/3.0,3.01,0/100,8.297,8.057,8.251,8.249,8.108,8.003,8.150,8.105,false
T50491,McLaren_SennaGTRLM_2020,McLaren Senna GTR LM ''Gulf Livery'',T5,P5,,,179/3.0,3.01,0/100,8.297,8.057,8.251,8.249,8.108,8.003,8.150,8.105,false
T50492,McLaren_SLR722EditionRewardRecycled_2006,McLaren SLR 722 Edition,T5,5,,,50/6.0,2.69,100/0,9.917,9.578,9.696,9.736,9.648,9.521,9.731,9.502,false
T50493,McLaren_SLR722EditionReward_2006,McLaren SLR 722 Edition,T5,P5,,,50/6.0,2.67,100/0,9.823,9.427,9.571,9.623,9.530,9.413,9.643,9.472,false
T50495,McLaren_SLR722SRoadster_2009,McLaren SLR 722 S Roadster,T5,P5,,,50/6.0,2.67,100/0,9.823,9.473,9.600,9.638,9.550,9.420,9.635,9.479,false
T50496,McLaren_SolusGT_2023,McLaren Solus GT,T5,P5,,,150/2.0,2.39,0/100,8.250,8.081,8.138,8.209,8.097,7.903,8.057,7.856,false
T50497,McLaren_Speedtail_2019,McLaren Speedtail,T5,P5,699,2224,328/2.0,2.93,0/100,8.393,8.148,8.296,8.292,8.089,8.030,8.234,8.245,false
T50498,McLaren_SpeedtailOrange_2019,McLaren Speedtail,T5,P5,699,2224,328/2.0,2.93,0/100,8.393,8.148,8.296,8.292,8.089,8.030,8.234,8.245,false
T50499,McLaren_SpeedtailRedSEG_2019,McLaren Speedtail,T5,P3,,,150/2.0,3.06,0/100,9.814,9.683,9.725,9.749,9.634,9.502,9.599,9.374,false
T50500,McLaren_SpeedtailRed_2019,McLaren Speedtail,T5,P5,,,142/2.3,2.70,0/100,8.807,8.634,8.728,8.741,8.611,8.457,8.576,8.286,false
T50505,McMurtry_Speirling_2022,McMurtry Spéirling Goodwood Edition,T5,P5,,, 225/3.0,2.00,0/100,8.439,8.118,8.242,8.211,8.244,8.062,8.213,8.167,true
T50506,MercedesAMGF1_W11_2020,Mercedes-AMG F1 W11 EQ Performance #44,T5,P5,698,2762,150/2.0,2.00,53/47,7.354,7.282,7.332,7.329,7.292,7.147,7.276,7.280,false
T50507,MercedesAMGF1_W11VB_2020,Mercedes-AMG F1 W11 EQ Performance #77,T5,P5,698,2762,150/2.0,2.00,53/47,7.354,7.282,7.332,7.329,7.292,7.147,7.276,7.280,false
T50508,MercedesAMG_GT3_2020,Mercedes-AMG 2020 GT3,T5,P5,,,150/2.0,2.00,53/47,9.165,8.830,9.030,9.053,8.984,8.684,8.838,8.776,false
T50509,MercedesAMG_GTBlackSeriesRewardRecycled_2020,Mercedes-AMG GT Black Series,T5,5,,,223/3.8,2.34,0/100,9.731,9.569,9.667,9.661,9.479,9.219,9.354,9.411,false
T50510,MercedesAMG_GTBlackSeriesReward_2020,Mercedes-AMG GT Black Series,T5,P5,,,234/4.3,2.34,0/100,9.630,9.485,9.571,9.565,9.417,9.128,9.236,9.308,false
T50511,MercedesAMG_GTRRewardRecycled_2017,Mercedes-AMG GT R,T5,4,,,304/4.2,3.41,12/88,10.903,10.748,10.799,10.807,10.616,10.675,10.744,10.443,false
T50514,MercedesAMG_S63CoupeRewardRecycled_2020,Mercedes-AMG S 63 Coupé,T5,5,698,1662,50/6.0,2.44,53/47,9.539,9.326,9.460,9.456,9.494,9.116,9.292,9.302,false
T50515,MercedesAMG_S63CoupeReward_2020,Mercedes-AMG S 63 Coupé,T5,P5,698,1686,50/6.0,2.44,53/47,9.490,9.283,9.417,9.406,9.441,9.046,9.236,9.247,false
T50516,MercedesBenz_CLKGTR_1999,Mercedes-Benz CLK-GTR,T5,P5,,,150/2.5,2.33,53/47,9.180,8.940,9.075,9.079,8.918,8.636,8.890,8.747,false
T50517,MercedesBenz_SL65AMGBlackSeries_2009,Mercedes-Benz SL 65 AMG Black Series,T5,5,,,150/2.0,2.00,0/100,9.056,8.811,8.932,8.999,8.827,8.557,8.767,8.712,false
T50519,Nissan_GTRTNR_2017_EC,Nissan 2017 GT-R (R35),T5,P5,,,72/8.6,2.24,0/100,8.718,8.557,8.681,8.656,8.596,8.138,8.452,8.628,false
T50522,Nissan_GTRR35BensopraF6_2012,Nissan Ben Sopra GT-R (R35),T5,P5,699,2207,203/2.8,2.00,0/100,8.413,8.227,8.349,8.342,8.227,8.082,8.208,8.167,false
T50523,Nissan_SkylineGTRR34F2_1999,Nissan C-WEST Skyline GT-R (BNR34),T5,P5,697,1643,275/4.0,2.83,52/48,9.605,9.327,9.448,9.510,9.269,9.251,9.441,9.392,false
T50524,Nissan_SilviaS14F1_1997,Nissan Endless Zeal 240SX (S14),T5,P5,,,150/2.0,2.57,52/48,10.123,9.752,9.841,9.976,9.823,9.749,9.875,9.855,false
T50525,Nissan_GTR50_2021,Nissan GT-R50 by Italdesign,T5,P5,699,1722,127/5.8,2.00,0/100,9.399,8.943,9.267,9.293,9.101,8.976,9.069,9.054,false
T50526,Nissan_GTR50RewardRecycled_2020,Nissan GT-R50 Prototype by Italdesign,T5,5,,,145/4.2,2.02,0/100,9.587,9.148,9.452,9.501,9.257,9.150,9.268,9.204,false
T50527,Nissan_GTR50Reward_2020,Nissan GT-R50 Prototype by Italdesign,T5,P5,699,1722,127/5.8,2.00,0/100,9.399,8.943,9.267,9.293,9.101,8.976,9.069,9.054,false
T50528,Nissan_GTRNISMOGT3_2015,Nissan GT-R NISMO GT3,T5,P5,698,2106,150/2.0,2.00,0/100,8.657,8.443,8.570,8.553,8.438,8.193,8.377,8.262,false
T50529,Nissan_KRCJapanGTRR35RewardRecycled_2017,Nissan KRC Japan GT-R (R35),T5,5,,,122/2.8,2.00,0/100,8.336,8.153,8.267,8.262,8.146,8.001,8.141,8.208,false
T50530,Nissan_KRCJapanGTRR35Reward_2017,Nissan KRC Japan GT-R (R35),T5,P5,,,119/2.8,2.00,0/100,8.398,8.220,8.336,8.331,8.224,8.069,8.193,8.156,false
T50531,Nissan_LBSuperSilhouetteSilviaS15_1999,Nissan LB Super Silhouette Silvia (S15),T5,P5,,,150/2.0,2.43,0/100,9.419,9.223,9.265,9.277,9.322,9.030,9.135,8.929,false
T50532,Nissan_240SXRocketBunnyBossRewardRecycled_1995,Nissan Rocket Bunny Boss Aero 240SX (S14),T5,5,,,50/6.0,2.53,52/48,10.066,9.745,9.677,9.843,9.761,9.629,9.842,9.825,false
T50534,Nissan_SilviaS15TNR_1999,Nissan Silvia Spec R (S15),T5,0,,,150/2.0,2.81,0/100,9.912,9.775,9.843,9.843,9.720,9.783,9.672,9.534,false
T50535,Nissan_SilviaS15TNR_1999_EC,Nissan Silvia Spec R (S15),T5,P5,,,,,,8.881,8.698,8.761,8.796,8.654,8.339,8.630,8.630,false
T50536,Nissan_SilviaS15F3_1999,Nissan Silvia Spec S (S15) ''Mona Lisa'',T5,P5,,,64/6.0,2.02,0/100,8.662,8.602,8.635,8.626,8.634,8.343,8.380,8.608,false
T50537,Nissan_SkylineGTRF4_2002,Nissan Skyline GT-R (R34 NISMO S-tune),T5,P5,,,377/3.1,2.60,0/100,9.620,9.279,9.456,9.521,9.094,9.375,9.586,9.426,false
T50540,Noble_M500_2022,Noble M500,T5,P5,,,150/2.0,2.73,0/100,10.102,9.816,9.956,9.974,9.773,9.610,9.784,9.762,false
T50541,Noble_M600RewardRecycled_2017,Noble M600,T5,5,,,150/2.0,2.00,0/100,9.247,9.020,9.072,9.152,9.141,8.642,8.978,8.927,false
T50543,Noble_M600F9_2017,Noble M600,T5,P5,,,150/2.0,2.00,0/100,9.110,8.879,8.927,9.008,8.985,8.645,8.835,8.793,false
T50544,Noble_M600CarbonSport_2017,Noble M600 Carbon Sport,T5,P5,,,279/5.5,2.06,0/100,9.221,9.067,9.081,9.129,8.962,8.820,9.005,9.112,false
T50545,Noble_M600SpeedsterRewardRecycled_2018,Noble M600 Speedster,T5,5,,,150/2.0,2.11,0/100,9.246,9.026,9.079,9.155,9.140,8.655,8.980,8.914,false
T50546,Noble_M600SpeedsterReward_2018,Noble M600 Speedster,T5,P5,,,147/2.1,2.09,0/100,9.140,8.942,8.975,9.050,9.040,8.550,8.874,8.806,false
T50549,Pagani_HuayraBCRewardRecycled_2016,Pagani Huayra BC,T5,5,,,367/4.1,2.66,0/100,9.328,9.042,9.282,9.271,9.110,9.012,9.181,8.831,false
T50550,Pagani_HuayraBCReward_2016,Pagani Huayra BC,T5,P5,,,411/3.9,2.62,0/100,9.190,9.012,9.143,9.126,8.963,8.876,9.052,8.701,false
T50551,Pagani_HuayraCodalunga_2022,Pagani Huayra Codalunga,T5,P5,698,2175,150/2.0,2.00,0/100,8.526,8.417,8.412,8.433,8.347,8.155,8.308,8.075,false
T50552,Pagani_HuayraR_2021,Pagani Huayra R,T5,P5,,,150/2.0,2.00,0/100,8.294,8.140,8.176,8.198,8.146,7.900,8.072,7.852,false
T50555,Pagani_HuayraBCRoadster_2019,Pagani Huayra Roadster BC,T5,5,,,265/3.7,2.43,0/100,9.284,9.062,9.203,9.183,9.015,8.935,9.132,8.853,false
T50556,Pagani_HuayraBCRoadsterLS_2019,Pagani Huayra Roadster BC 'Drago Viola Edition',T5,P5,,,291/3.5,2.00,0/100,9.124,8.921,9.041,9.037,8.838,8.767,8.967,8.732,false
T50557,Pagani_HuayraBCRoadsterPB_2019,Pagani Huayra Roadster BC 'Launch Edition',T5,P5,,,273/4.0,2.45,0/100,9.275,9.086,9.196,9.189,9.005,8.941,9.132,8.848,false
T50558,Pagani_ImolaGold_2021,Pagani Imola,T5,P5,698,2159,50/6.0,2.05,0/100,8.541,8.370,8.485,8.481,8.405,8.115,8.303,8.166,false
T50559,Pagani_Imola_2021,Pagani Imola,T5,P5,698,2159,50/6.0,2.05,0/100,8.541,8.370,8.485,8.481,8.405,8.115,8.303,8.166,false
T50560,Pagani_C10_2023,Pagani Utopia,T5,P5,698,2393,150/2.0,2.00,0/100,8.085,7.965,8.031,8.019,7.970,7.806,7.933,7.688,false
T50561,Pagani_C10RewardRecycled_2023,Pagani Utopia,T5,5,698,2371,150/2.0,2.00,0/100,8.130,8.010,8.075,8.063,8.017,7.854,7.981,7.734,false
T50562,Pagani_C10Reward_2023,Pagani Utopia 'Carbon Edition',T5,P5,698,2393,150/2.0,2.00,0/100,8.085,7.965,8.031,8.019,7.970,7.806,7.933,7.688,false
T50563,Pagani_ZondaCinqueCoupe_2009,Pagani Zonda Cinque,T5,P5,,,150/2.0,3.34,53/47,9.572,9.356,9.460,9.484,9.377,9.111,9.277,9.122,false
T50564,Pagani_ZondaCinqueCoupeRewardRecycled_2009,Pagani Zonda Cinque Coupé,T5,5,,,150/2.0,3.37,53/47,9.660,9.455,9.551,9.572,9.468,9.208,9.367,9.147,false
T50565,Pagani_ZondaCinqueCoupeReward_2009,Pagani Zonda Cinque Coupé,T5,P5,,,150/2.0,3.34,53/47,9.572,9.356,9.460,9.484,9.377,9.111,9.277,9.122,false
T50566,Pagani_ZondaCinqueRoadsterRewardRecycled_2010,Pagani Zonda Cinque Roadster,T5,5,,,150/2.0,3.42,53/47,9.758,9.546,9.651,9.660,9.545,9.305,9.424,9.259,false
T50567,Pagani_ZondaCinqueRoadsterReward_2010,Pagani Zonda Cinque Roadster,T5,P5,,,150/2.0,3.34,53/47,9.572,9.356,9.460,9.484,9.377,9.111,9.277,9.122,false
T50568,Pagani_ZondaCinqueRoadster_2010,Pagani Zonda Cinque Roadster,T5,P5,,,150/2.0,3.34,53/47,9.572,9.356,9.460,9.484,9.377,9.111,9.277,9.122,false
T50569,Pagani_ZondaBarchetta_2018,Pagani Zonda HP Barchetta,T5,P5,,,101/6.0,2.00,52/48,9.450,9.165,9.205,9.274,9.142,9.121,9.159,9.146,false
T50570,Pagani_ZondaREvoBarchetta_2021,Pagani Zonda Revo Barchetta,T5,P5,698,1795,200/3.4,3.31,0/100,9.290,9.101,9.192,9.166,9.091,8.630,9.063,8.877,false
T50571,Pagani_ZondaRevolucion_2013,Pagani Zonda Revolución,T5,P5,698,1795,200/3.4,3.31,0/100,9.290,9.101,9.192,9.166,9.091,8.630,9.063,8.877,false
T50572,Pininfarina_Battista_2020,Pininfarina Battista,T5,P5,698,1828,225/3.0,2.35,0/100,8.969,8.680,8.811,8.795,8.689,8.393,8.617,8.768,true
T50573,Pininfarina_BattistaRewardRecycled_2022,Pininfarina Battista,T5,5,698,1749,225/3.0,2.00,0/100,9.093,8.765,8.924,8.931,8.767,8.482,8.723,8.899,true
T50574,Pininfarina_BattistaReward_2022,Pininfarina Battista Anniversario,T5,P5,698,1828,225/3.0,2.35,0/100,8.969,8.680,8.811,8.795,8.689,8.393,8.617,8.768,true
T50575,Pininfarina_BattistaNinoFarina_2023,Pininfarina Battista Edizione Nino Farina,T5,P5,698,1828,225/3.0,2.35,0/100,8.969,8.680,8.811,8.795,8.689,8.393,8.617,8.768,true
T50576,Plymouth_WeaverCustomsCudaTorcRewardRecycled_2016,Plymouth 'Cuda ''TorC'' Weaver Customs,T5,5,696,1318,328/3.3,2.84,50/50,10.284,9.888,10.018,10.057,9.685,9.942,10.150,10.032,false
T50577,Plymouth_WeaverCustomsCudaTorcReward_2016,Plymouth 'Cuda ''TorC'' Weaver Customs,T5,P5,696,1313,295/3.2,2.85,48/52,10.296,9.848,10.043,10.082,9.730,9.958,10.167,10.046,false
T50578,Plymouth_WeaverCustomsCudaTorcReward4thJuly_2016,Plymouth 'Cuda ''TorC'' Weaver Customs,T5,P5,699,1358,288/3.3,2.87,40/60,10.133,9.748,9.885,10.099,9.615,9.808,9.945,9.748,false
T50579,Plymouth_FormulaSBarracuda_1968,Plymouth Garret's Rod Shop Barracuda ''Hemi-S'',T5,5,,,196/2.8,2.62,0/100,8.962,8.783,8.911,8.911,8.829,8.445,8.642,8.821,false
T50581,Plymouth_RoadRunnerGTXF8_1971,Plymouth Road Runner,T5,P5,,,582/7.5,2.73,0/100,10.646,10.211,10.436,10.378,10.410,9.966,10.262,10.452,false
T50582,Pontiac_FieroF9_1986,Pontiac Fiero,T5,P5,,,50/6.0,2.00,53/47,9.184,8.724,8.889,8.974,8.972,8.468,8.882,8.657,false
T50583,Pontiac_RyansFirebirdTransAm_1978,Pontiac Ryans Rod & Kustom Firebird Trans Am 'Mullet Missile',T5,P5,,,150/2.0,3.28,0/100,9.834,9.451,9.589,9.630,9.511,9.305,9.501,9.468,false
T50584,Porsche_718CaymanGT4RS_2022,Porsche 718 Cayman GT4 RS ''Weissach Package'',T5,5,,,150/2.0,3.05,53/47,9.681,9.435,9.525,9.542,9.478,9.420,9.428,9.341,false
T50585,Porsche_911GT2RSGold_2017,Porsche 911 GT2 RS,T5,5,,,252/2.0,2.02,52/48,10.462,10.282,10.322,10.301,10.308,9.672,10.000,10.050,false
T50586,Porsche_911GT1StraBenversion_1996,Porsche 911 GT1 Straßenversion,T5,P5,698,2205,150/2.0,2.00,0/100,8.448,8.250,8.330,8.311,8.228,8.129,8.185,7.925,false
T50587,Porsche_911GT2_1993,Porsche 911 GT2 (993),T5,P5,698,1761,150/2.0,2.00,0/100,9.335,8.997,9.149,9.138,8.991,8.965,9.102,8.992,false
T50588,Porsche_718SpyderRSRewardRecycled_2024,Porsche 718 Spyder RS,T5,5,698,1575,150/2.0,3.10,0/100,9.723,9.572,9.611,9.650,9.433,9.432,9.471,9.277,false
T50589,Porsche_718SpyderRSReward_2024,Porsche 718 Spyder RS,T5,P5,698,1611,150/2.0,3.10,0/100,9.651,9.488,9.536,9.515,9.356,9.353,9.390,9.254,false
T50590,Porsche_911GT2RS_2017,Porsche 911 GT2 RS ''Weissach Package'',T5,P5,,,286/3.4,2.01,52/48,10.339,10.193,10.219,10.168,10.212,9.544,9.898,9.929,false
T50591,Porsche_911GT2RSVIP_2017,Porsche 911 GT2 RS ''Weissach Package'',T5,P5,,,286/3.4,2.01,52/48,10.339,10.193,10.219,10.168,10.212,9.544,9.898,9.929,false
T50592,Porsche_911GT2RSClubSport_2019,Porsche 911 GT2 RS Clubsport,T5,P5,,,150/2.0,2.55,0/100,9.366,9.718,9.259,9.245,9.123,9.015,9.144,8.657,false
T50593,Porsche_911GT2RSClubSportSalzburg_2019,Porsche 911 GT2 RS Clubsport (991),T5,5,,,140/2.4,2.00,0/100,9.486,9.308,9.369,9.366,9.224,9.049,9.236,9.123,false
T50596,Porsche_911GT3_2022,Porsche 911 GT3 (992),T5,P5,,,50/6.0,2.86,53/47,10.148,9.897,9.974,10.046,9.940,9.617,9.834,9.782,false
T50598,Porsche_911GT3RSCrew_2016,Dana's Porsche 911 GT3 RS,T5,P5,,,150/2.0,2.00,0/100,9.454,9.187,9.249,9.303,9.164,8.917,9.118,9.150,false
T50602,Porsche_911GT3RS992Tribute_2023,Porsche 911 GT3 RS Carrera RS 2.7 Tribute (992),T5,P5,,,50/6.0,2.69,53/47,9.883,9.577,9.673,9.766,9.647,9.267,9.541,9.498,false
T50603,Porsche_911GT3TouringRewardRecycled_2022,Porsche 911 GT3 Touring (992),T5,5,,,50/6.0,2.86,53/47,10.223,9.980,10.047,10.121,10.015,9.697,9.910,9.801,false
T50604,Porsche_911GT3TouringReward_2022,Porsche 911 GT3 Touring (992),T5,P5,,,50/6.0,2.81,53/47,10.147,9.885,9.965,10.042,9.933,9.602,9.822,9.784,false
T50610,Porsche_RWB993Evo_1993,Porsche 911 RWB,T5,P5,698,1616,377/3.1,2.31,0/100,9.632,9.472,9.465,9.520,9.278,9.173,9.284,8.997,false
T50615,Porsche_911TurboSRewardRecycled_2021,Porsche 911 Turbo S (992),T5,4,,,148/4.0,3.23,0/100,9.034,8.897,8.952,9.014,8.961,8.815,8.877,8.620,false
T50617,Porsche_918SpyderRewardRecycled_2015,Porsche 918 Spyder,T5,5,,,102/11.0,2.81,52/48,9.872,9.723,9.791,9.860,9.817,9.443,9.695,9.116,false
T50618,Porsche_918SpyderMartini_2015,Porsche 918 Spyder MARTINI RACING,T5,P5,,,259/2.9,2.00,53/47,9.797,9.519,9.710,9.712,9.498,9.362,9.508,9.474,false
T50619,Porsche_918SpyderGold_2015,Porsche 918 Spyder Weissach Package,T5,5,,,53/6.0,2.00,0/100,10.021,9.763,9.945,9.949,9.688,9.484,9.617,9.527,false
T50620,Porsche_918SpyderReward_2015,Porsche 918 Spyder Weissach Package,T5,P5,,,107/11.6,52/48,52/48,9.740,9.577,9.656,9.726,9.681,9.296,9.565,8.920,false
T50621,Porsche_935_2019,Porsche 935 MARTINI RACING,T5,P5,699,2198,203/2.0,2.36,0/100,8.430,8.218,8.351,8.352,8.272,7.987,8.174,8.310,false
T50622,Porsche_935Salzburg_2019,Porsche 935 'Salzburg',T5,P5,699,2198,203/2.0,2.36,0/100,8.430,8.218,8.351,8.352,8.272,7.987,8.174,8.310,false
T50623,Porsche_Canepa959_1988,Porsche 959 SC,T5,P5,697,1168,377/2.4,3.43,52/48,10.578,10.427,10.482,10.460,10.441,9.727,10.289,10.169,false
T50626,Porsche_DD911GTRSRRewardRecycled_2017,Porsche Duke Dynamics 911 GT-RSR,T5,5,,,252/2.0,2.00,52/48,10.465,10.276,10.317,10.295,10.300,9.665,9.994,10.048,false
T50627,Porsche_DD911GTRSRReward_2017,Porsche Duke Dynamics 911 GT-RSR,T5,P5,,,377/2.0,2.00,52/48,10.342,10.190,10.217,10.165,10.190,9.544,9.897,9.931,false
T50628,Porsche_RWB911Turbo_1991,Porsche Hoonigan RWB 911 Turbo,T5,P5,698,1657,150/2.0,3.15,100/0,9.554,9.230,9.371,9.318,9.212,9.282,9.324,9.225,false
T50629,Porsche_MissionRConcept_2021,Porsche Mission R Concept,T5,P5,,,225/3.0,2.00,0/100,8.601,8.303,8.415,8.384,8.390,8.232,8.372,8.267,true
T50630,Porsche_RWB993Rotana_1993,Porsche RWB 993 ''Rotana'',T5,P5,698,1566,283/4.5,2.04,42/58,9.740,9.452,9.610,9.612,9.447,9.329,9.151,9.593,false
T50631,Porsche_912Hoonipigasus_1966,Porsche SVRSR ''Hoonipigasus'',T5,P5,,,150/2.0,2.00,0/100,8.223,8.062,8.095,8.119,8.054,7.802,7.993,7.770,false
T50632,Porsche_TaycanTurboSCrossTurismo_2022,Porsche Taycan Cross Turismo Turbo S,T5,P5,,,132/2.9,2.00,52/48,9.760,9.415,9.529,9.598,9.498,9.449,9.510,9.475,true
T50633,Porsche_TaycanTurboGTRewardRecycled_2025,Porsche Taycan Turbo GT ''Weissach Package'',T5,5,698,2008,225/3.0,2.00,0/100,8.852,8.658,8.680,8.690,8.638,8.501,8.612,8.552,true
T50634,Porsche_TaycanTurboGTReward_2025,Porsche Taycan Turbo GT,T5,P5,698,2035,225/3.0,2.00,0/100,8.797,8.596,8.623,8.649,8.584,8.444,8.554,8.493,true
T50635,Porsche_TaycanTurboSPride_2021,Porsche Taycan Turbo S,T5,P5,,,132/2.9,2.00,0/100,9.213,8.963,9.026,9.086,8.988,8.984,9.108,9.014,true
T50636,Porsche_TaycanTurboSRewardRecycled_2021,Porsche Taycan Turbo S,T5,5,,,132/2.9,2.00,52/48,9.842,9.488,9.610,9.681,9.552,9.534,9.596,9.562,true
T50637,Porsche_TaycanTurboSReward_2021,Porsche Taycan Turbo S,T5,P5,,,132/2.9,2.00,52/48,9.760,9.415,9.529,9.598,9.498,9.449,9.510,9.475,true
T50638,Radford_Type62GOSH_2021,RadFord Type 62-2 GOSH Edition,T5,P5,698,2200,137/2.5,2.73,0/100,8.477,8.286,8.371,8.412,8.251,8.225,8.377,8.062,false
T50639,Rimac_Nevera_2021,Rimac Nevera,T5,P5,698,2178,225/3.0,2.00,0/100,8.519,8.312,8.425,8.397,8.383,8.238,8.376,8.274,true
T50640,Rimac_NeveraRewardrecycled_2022,Rimac Nevera,T5,5,698,2139,225/3.0,2.00,0/100,8.597,8.427,8.532,8.502,8.474,8.319,8.463,8.357,true
T50641,Rimac_NeveraReward_2022,Rimac Nevera Time Attack,T5,P5,698,2178,225/3.0,2.00,0/100,8.519,8.312,8.425,8.397,8.383,8.238,8.376,8.274,true
T50645,Saleen_S7Classic_2004_EC,Saleen S7 Twin Turbo,T5,5,696,2146,167/2.0,2.26,0/100,8.658,8.462,8.587,8.568,8.450,8.161,8.469,8.546,false
T50646,SCG_SCG003S_2017,SCG 003S,T5,P5,,,303/3.1,3.30,52/48,10.093,9.899,9.883,9.948,9.786,9.625,9.845,9.505,false
T50647,SCG_SCG003SCarbon_2017,SCG 003S Carbon Edition,T5,P5,,,150/2.0,2.00,0/100,9.878,9.452,9.587,9.664,9.299,9.435,9.576,9.747,false
T50648,SCG_SCG004CRewardRecycled_2019,SCG 004C,T5,5,,,84/9.0,2.95,51/49,10.050,9.703,9.904,9.760,9.870,9.486,9.790,9.649,false
T50650,SCG_004CS_2020,SCG 004CS,T5,P5,,,233/4.3,2.28,0/100,8.745,8.598,8.661,8.620,8.388,8.497,8.518,8.276,false
T50651,SCG_007_2021,SCG 007,T5,P5,,,50/6.0,2.00,53/47,9.417,9.033,9.148,9.121,9.025,8.964,9.195,9.090,false
T50652,Shelby_SuperSnakeRewardRecycled_2019,Shelby Super Snake,T5,5,,,335/3.4,2.06,0/100,9.649,9.490,9.560,9.512,9.254,9.314,9.381,9.273,false
T50653,Shelby_SuperSnakeRewardRecycled_2019_EC,Shelby Super Snake,T5,5,,,306/4.2,2.00,0/100,9.231,9.065,9.143,9.088,8.958,8.865,8.970,8.907,false
T50655,Spyker_C8PreliatorRewardRecycled_2017,Spyker C8 Preliator,T5,5,,,161/2.8,2.64,15/85,9.586,9.332,9.433,9.428,9.219,9.146,9.354,9.434,false
T50658,SSC_TuataraGold_2019,SSC Tuatara `Concept`,T5,P5,,,50/6.0,3.17,100/0,10.826,10.398,10.508,10.418,10.059,10.403,10.400,10.245,false
T50659,SSC_Tuatara_2019,SSC Tuatara `Concept`,T5,P5,,,50/6.0,3.17,100/0,10.826,10.398,10.508,10.418,10.059,10.403,10.400,10.245,false
T50660,SSC_TuataraSilver_2019,SSC Tuatara `Concept`,T5,5,,,50/6.0,3.17,100/0,10.649,10.239,10.394,10.328,9.877,10.180,10.110,10.037,false
T50661,SSC_TuataraStriker_2022,SSC Tuatara Striker,T5,P5,,,150/2.0,3.67,53/47,9.187,8.968,8.941,9.076,8.934,8.907,8.964,8.494,false
T50662,SSC_TuataraWRE_2020,SSC Tuatara 'World Record Edition',T5,P5,,,50/6.0,3.17,100/0,10.543,10.007,10.274,10.222,9.767,10.065,10.003,9.828,false
T50663,Subaru_BRZtSTNR_2020,Subaru 2020 BRZ tS,T5,0,,,150/2.0,3.67,0/100,11.094,10.804,10.855,10.966,10.820,10.868,10.974,10.785,false
T50664,Subaru_BRZtSTNR_2020_EC,Subaru 2020 BRZ tS,T5,P5,,,150/2.0,3.15,0/100,9.545,9.278,9.286,9.379,9.301,9.274,9.420,9.220,false
T50665,Subaru_WRXSTIGobstopperII_2015,Subaru RCM WRX 'Gobstopper II',T5,P5,,,150/2.0,2.54,0/100,9.736,9.444,9.476,9.382,9.171,9.246,9.416,9.290,false
T50668,Toyota_GRSupraTNR_2020_EC,Toyota GR Supra,T5,P5,,,  158/3.2,2.16,0/100,8.333,8.143,8.219,8.253,8.223,7.891,8.143,8.245,false
T50669,Toyota_GRSupraF9_2020,Toyota GR Supra,T5,P5,698,2005,150/2.0,2.12,0/100,8.856,8.647,8.757,8.761,8.660,8.401,8.626,8.487,false
T50672,Toyota_CamryNASCAR_2022,Toyota NASCAR Next Gen Camry,T5,P5,,,50/6.0,2.00,53/47,8.763,8.472,8.634,8.653,8.530,8.222,8.481,8.379,false
T50673,Toyota_PandeMGRSupraV1_2020,Toyota PandeM V1 GR Supra,T5,P5,698,2005,161/2.8,2.23,0/100,8.852,8.676,8.810,8.807,8.740,8.298,8.596,8.445,false
T50674,Toyota_PandeMGRSupraV15_2020,Toyota PandeM V1.5 GR Supra,T5,P5,698,2014,161/2.8,2.23,0/100,8.834,8.658,8.793,8.789,8.721,8.260,8.579,8.428,false
T50676,Toyota_SupraMK4TNR_1994_EC,Toyota Supra,T5,P5,698,2295,150/2.0,2.00,0/100,8.286,8.091,8.135,8.187,8.158,7.866,8.089,7.920,false
T50677,Toyota_SupraMKIVF1_1994,Toyota Supra Aerotop,T5,P5,698,1836,132/3.9,2.00,27/73,9.198,9.008,8.974,9.074,8.826,8.716,8.834,8.691,false
T50678,Toyota_SupraMKIVVaris_1994,Noro's Toyota Varis Toyota Supra,T5,P5,698,1350,344/3.9,2.26,0/100,10.170,9.969,9.925,10.069,9.760,9.729,9.774,9.906,false
T50679,Ultima_EVOCoupeRewardRecycled_2016,Ultima Evolution Coupé,T5,5,699,1695,164/1.8,2.97,0/100,9.436,9.264,9.347,9.348,9.063,9.158,9.338,8.936,false
T50680,Ultima_EVOCoupeReward_2016,Ultima Evolution Coupé,T5,P5,699,1755,168/1.8,2.89,0/100,9.312,9.110,9.218,9.217,8.896,8.990,9.212,8.882,false
T50681,Ultima_EVOCoupeSupercharged_2016,Ultima Evolution Coupé Supercharged,T5,P5,699,2145, 150/1.3,2.18,0/100,8.536,8.379,8.510,8.495,8.307,8.336,8.354,8.142,false
T50682,Ultima_RSGold_2020,Ultima RS,T5,5,697,2164,288/3.0,2.76,0/100,8.576,8.392,8.535,8.464,8.280,8.183,8.305,8.450,false
T50683,Ultima_RS_2020,Ultima RS,T5,P5,697,2217, 326/4.3,2.79,0/100,8.469,8.326,8.455,8.364,8.158,8.054,8.187,8.377,false
T50684,Volkswagen_IDR_2019,Volkswagen Electric R,T5,P5,698,2068,225/3.0,2.84,0/100,8.720,8.478,8.578,8.557,8.521,8.352,8.482,8.382,true
T50685,VUHL_05RRRewardRecycled_2019,VUHL 05RR,T5,5,697,1120,159/2.9,3.04,16/84,10.665,10.414,10.458,10.507,10.214,10.267,10.387,9.943,false
T50686,VUHL_05RRReward_2019,VUHL 05RR Fighter,T5,P5,697,1191,166/2.8,3.04,9/91,10.528,10.297,10.337,10.380,10.072,10.146,10.270,9.829,false
T50687,WMotors_FenyrSupersportRewardRecycled_2016,W Motors Fenyr Supersport,T5,5,700,1489,248/5.0,2.38,52/48,9.792,9.511,9.626,9.658,9.399,9.361,9.603,9.495,false
T50688,WMotors_FenyrSupersportReward_2016,W Motors Fenyr Supersport,T5,P5,700,1581,267/5.0,2.33,52/48,9.608,9.328,9.437,9.475,9.215,9.168,9.421,9.369,false
T50689,WMotors_LykanHyperSportRewardRecycled_2015,W Motors Lykan HyperSport,T5,4,699,962,296/4.4,2.75,23/77,10.911,10.711,10.785,10.724,10.535,10.266,10.784,10.500,false
T50690,WMotors_LykanHyperSportReward_2015,W Motors Lykan HyperSport,T5,P4,699,998,324/4.4,2.72,23/77,10.841,10.631,10.719,10.654,10.460,10.207,10.717,10.427,false
T50691,Zenvo_AuroraTur_2024,Zenvo Aurora Tur,T5,P5,698,2132,150/2.0,2.00,0/100,8.600,8.423,8.497,8.501,8.383,8.219,8.375,8.174,false
T50692,Zenvo_TS1GTRewardRecycled_2018,Zenvo TS1 GT,T5,5,698,1655,101/6.0,2.00,39/61,9.572,9.350,9.420,9.421,9.147,9.123,9.315,9.107,false
T50693,Zenvo_TS1GTReward_2018,Zenvo TS1 GT,T5,P5,698,1697,107/6.0,2.00,37/63,9.488,9.297,9.331,9.335,9.060,9.030,9.238,9.015,false
T50694,Zenvo_TS1GT_2018,Zenvo TS1 GT 'Sleipnir' 10th Anniversary,T5,P5,698,1737,320/3.0,2.00,56/44,9.407,9.219,9.247,9.254,8.922,8.985,9.189,8.974,false
T50695,Zenvo_TSRS_2019,Zenvo TSR-S,T5,P5,699,1763,303/2.0,2.00,52/48,9.324,9.120,9.188,9.166,9.049,8.861,9.072,8.930,false
T50696,Zenvo_TSRS_2020,Zenvo TSR-S ''Chassis No.2'',T5,P5,696,2101,150/2.0,2.11,0/100,8.652,8.503,8.611,8.620,8.543,8.123,8.321,8.452,false
T50697,Zenvo_TSRSGold_2020,Zenvo TSR-S ''Chassis No.3'',T5,P5,698,1836,150/2.0,2.00,0/100,9.210,8.911,9.032,8.990,8.975,8.777,8.960,8.941,false